time unit: s, ADC_OF1, CS_ADC, MOSI, MISO, ADC_D1[13..0], ADC_D1[13], ADC_D1[12], ADC_D1[11], ADC_D1[10], ADC_D1[9], ADC_D1[8], ADC_D1[7], ADC_D1[6], ADC_D1[5], ADC_D1[4], ADC_D1[3], ADC_D1[2], ADC_D1[1], ADC_D1[0], 
1,0,1,1,1,-3827,1,1,0,0,0,1,0,0,0,0,1,1,0,1, 
2,0,1,1,1,-3824,1,1,0,0,0,1,0,0,0,1,0,0,0,0, 
3,0,1,1,1,-3820,1,1,0,0,0,1,0,0,0,1,0,1,0,0, 
4,0,1,1,1,-3816,1,1,0,0,0,1,0,0,0,1,1,0,0,0, 
5,0,1,1,1,-3811,1,1,0,0,0,1,0,0,0,1,1,1,0,1, 
6,0,1,1,1,-3814,1,1,0,0,0,1,0,0,0,1,1,0,1,0, 
7,0,1,1,1,-3814,1,1,0,0,0,1,0,0,0,1,1,0,1,0, 
8,0,1,1,1,-3816,1,1,0,0,0,1,0,0,0,1,1,0,0,0, 
9,0,1,1,1,-3819,1,1,0,0,0,1,0,0,0,1,0,1,0,1, 
10,0,1,1,1,-3823,1,1,0,0,0,1,0,0,0,1,0,0,0,1, 
11,0,1,1,1,-3829,1,1,0,0,0,1,0,0,0,0,1,0,1,1, 
12,0,1,1,1,-3812,1,1,0,0,0,1,0,0,0,1,1,1,0,0, 
13,0,1,1,1,-3711,1,1,0,0,0,1,1,0,0,0,0,0,0,1, 
14,0,1,1,1,-3509,1,1,0,0,1,0,0,1,0,0,1,0,1,1, 
15,0,1,1,1,-3270,1,1,0,0,1,1,0,0,1,1,1,0,1,0, 
16,0,1,1,1,-3070,1,1,0,1,0,0,0,0,0,0,0,0,1,0, 
17,0,1,1,1,-2963,1,1,0,1,0,0,0,1,1,0,1,1,0,1, 
18,0,1,1,1,-2955,1,1,0,1,0,0,0,1,1,1,0,1,0,1, 
19,0,1,1,1,-3022,1,1,0,1,0,0,0,0,1,1,0,0,1,0, 
20,0,1,1,1,-3146,1,1,0,0,1,1,1,0,1,1,0,1,1,0, 
21,0,1,1,1,-3298,1,1,0,0,1,1,0,0,0,1,1,1,1,0, 
22,0,1,1,1,-3475,1,1,0,0,1,0,0,1,1,0,1,1,0,1, 
23,0,1,1,1,-3658,1,1,0,0,0,1,1,0,1,1,0,1,1,0, 
24,0,1,1,1,-3844,1,1,0,0,0,0,1,1,1,1,1,1,0,0, 
25,0,1,1,1,-4024,1,1,0,0,0,0,0,1,0,0,1,0,0,0, 
26,0,1,1,1,-4201,1,0,1,1,1,1,1,0,0,1,0,1,1,1, 
27,0,1,1,1,-4360,1,0,1,1,1,0,1,1,1,1,1,0,0,0, 
28,0,1,1,1,-4513,1,0,1,1,1,0,0,1,0,1,1,1,1,1, 
29,0,1,1,1,-4655,1,0,1,1,0,1,1,1,0,1,0,0,0,1, 
30,0,1,1,1,-4789,1,0,1,1,0,1,0,1,0,0,1,0,1,1, 
31,0,1,1,1,-4907,1,0,1,1,0,0,1,1,0,1,0,1,0,1, 
32,0,1,1,1,-5021,1,0,1,1,0,0,0,1,1,0,0,0,1,1, 
33,0,1,1,1,-5124,1,0,1,0,1,1,1,1,1,1,1,1,0,0, 
34,0,1,1,1,-5213,1,0,1,0,1,1,1,0,1,0,0,0,1,1, 
35,0,1,1,1,-5298,1,0,1,0,1,1,0,1,0,0,1,1,1,0, 
36,0,1,1,1,-5370,1,0,1,0,1,1,0,0,0,0,0,1,1,0, 
37,0,1,1,1,-5434,1,0,1,0,1,0,1,1,0,0,0,1,1,0, 
38,0,1,1,1,-5496,1,0,1,0,1,0,1,0,0,0,1,0,0,0, 
39,0,1,1,1,-5554,1,0,1,0,1,0,0,1,0,0,1,1,1,0, 
40,0,1,1,1,-5603,1,0,1,0,1,0,0,0,0,1,1,1,0,1, 
41,0,1,1,1,-5652,1,0,1,0,0,1,1,1,1,0,1,1,0,0, 
42,0,1,1,1,-5693,1,0,1,0,0,1,1,1,0,0,0,0,1,1, 
43,0,1,1,1,-5733,1,0,1,0,0,1,1,0,0,1,1,0,1,1, 
44,0,1,1,1,-5764,1,0,1,0,0,1,0,1,1,1,1,1,0,0, 
45,0,1,1,1,-5792,1,0,1,0,0,1,0,1,1,0,0,0,0,0, 
46,0,1,1,1,-5817,1,0,1,0,0,1,0,1,0,0,0,1,1,1, 
47,0,1,1,1,-5845,1,0,1,0,0,1,0,0,1,0,1,0,1,1, 
48,0,1,1,1,-5867,1,0,1,0,0,1,0,0,0,1,0,1,0,1, 
49,0,1,1,1,-5887,1,0,1,0,0,1,0,0,0,0,0,0,0,1, 
50,0,1,1,1,-5902,1,0,1,0,0,0,1,1,1,1,0,0,1,0, 
51,0,1,1,1,-5920,1,0,1,0,0,0,1,1,1,0,0,0,0,0, 
52,0,1,1,1,-5933,1,0,1,0,0,0,1,1,0,1,0,0,1,1, 
53,0,1,1,1,-5945,1,0,1,0,0,0,1,1,0,0,0,1,1,1, 
54,0,1,1,1,-5953,1,0,1,0,0,0,1,0,1,1,1,1,1,1, 
55,0,1,1,1,-5964,1,0,1,0,0,0,1,0,1,1,0,1,0,0, 
56,0,1,1,1,-5974,1,0,1,0,0,0,1,0,1,0,1,0,1,0, 
57,0,1,1,1,-5983,1,0,1,0,0,0,1,0,1,0,0,0,0,1, 
58,0,1,1,1,-5994,1,0,1,0,0,0,1,0,0,1,0,1,1,0, 
59,0,1,1,1,-6001,1,0,1,0,0,0,1,0,0,0,1,1,1,1, 
60,0,1,1,1,-6003,1,0,1,0,0,0,1,0,0,0,1,1,0,1, 
61,0,1,1,1,-6005,1,0,1,0,0,0,1,0,0,0,1,0,1,1, 
62,0,1,1,1,-6006,1,0,1,0,0,0,1,0,0,0,1,0,1,0, 
63,0,1,1,1,-6008,1,0,1,0,0,0,1,0,0,0,1,0,0,0, 
64,0,1,1,1,-6012,1,0,1,0,0,0,1,0,0,0,0,1,0,0, 
65,0,1,1,1,-6018,1,0,1,0,0,0,0,1,1,1,1,1,1,0, 
66,0,1,1,1,-6021,1,0,1,0,0,0,0,1,1,1,1,0,1,1, 
67,0,1,1,1,-6024,1,0,1,0,0,0,0,1,1,1,1,0,0,0, 
68,0,1,1,1,-6027,1,0,1,0,0,0,0,1,1,1,0,1,0,1, 
69,0,1,1,1,-6031,1,0,1,0,0,0,0,1,1,1,0,0,0,1, 
70,0,1,1,1,-6031,1,0,1,0,0,0,0,1,1,1,0,0,0,1, 
71,0,1,1,1,-6033,1,0,1,0,0,0,0,1,1,0,1,1,1,1, 
72,0,1,1,1,-6035,1,0,1,0,0,0,0,1,1,0,1,1,0,1, 
73,0,1,1,1,-6036,1,0,1,0,0,0,0,1,1,0,1,1,0,0, 
74,0,1,1,1,-6037,1,0,1,0,0,0,0,1,1,0,1,0,1,1, 
75,0,1,1,1,-6036,1,0,1,0,0,0,0,1,1,0,1,1,0,0, 
76,0,1,1,1,-6038,1,0,1,0,0,0,0,1,1,0,1,0,1,0, 
77,0,1,1,1,-6037,1,0,1,0,0,0,0,1,1,0,1,0,1,1, 
78,0,1,1,1,-6032,1,0,1,0,0,0,0,1,1,1,0,0,0,0, 
79,0,1,1,1,-6029,1,0,1,0,0,0,0,1,1,1,0,0,1,1, 
80,0,1,1,1,-6027,1,0,1,0,0,0,0,1,1,1,0,1,0,1, 
81,0,1,1,1,-6030,1,0,1,0,0,0,0,1,1,1,0,0,1,0, 
82,0,1,1,1,-6032,1,0,1,0,0,0,0,1,1,1,0,0,0,0, 
83,0,1,1,1,-6036,1,0,1,0,0,0,0,1,1,0,1,1,0,0, 
84,0,1,1,1,-6036,1,0,1,0,0,0,0,1,1,0,1,1,0,0, 
85,0,1,1,1,-6039,1,0,1,0,0,0,0,1,1,0,1,0,0,1, 
86,0,1,1,1,-6042,1,0,1,0,0,0,0,1,1,0,0,1,1,0, 
87,0,1,1,1,-6041,1,0,1,0,0,0,0,1,1,0,0,1,1,1, 
88,0,1,1,1,-6042,1,0,1,0,0,0,0,1,1,0,0,1,1,0, 
89,0,1,1,1,-6045,1,0,1,0,0,0,0,1,1,0,0,0,1,1, 
90,0,1,1,1,-6045,1,0,1,0,0,0,0,1,1,0,0,0,1,1, 
91,0,1,1,1,-6046,1,0,1,0,0,0,0,1,1,0,0,0,1,0, 
92,0,1,1,1,-6051,1,0,1,0,0,0,0,1,0,1,1,1,0,1, 
93,0,1,1,1,-6051,1,0,1,0,0,0,0,1,0,1,1,1,0,1, 
94,0,1,1,1,-6051,1,0,1,0,0,0,0,1,0,1,1,1,0,1, 
95,0,1,1,1,-6055,1,0,1,0,0,0,0,1,0,1,1,0,0,1, 
96,0,1,1,1,-6052,1,0,1,0,0,0,0,1,0,1,1,1,0,0, 
97,0,1,1,1,-6052,1,0,1,0,0,0,0,1,0,1,1,1,0,0, 
98,0,1,1,1,-6053,1,0,1,0,0,0,0,1,0,1,1,0,1,1, 
99,0,1,1,1,-6052,1,0,1,0,0,0,0,1,0,1,1,1,0,0, 
100,0,1,1,1,-6051,1,0,1,0,0,0,0,1,0,1,1,1,0,1, 
101,0,1,1,1,-6052,1,0,1,0,0,0,0,1,0,1,1,1,0,0, 
102,0,1,1,1,-6050,1,0,1,0,0,0,0,1,0,1,1,1,1,0, 
103,0,1,1,1,-6050,1,0,1,0,0,0,0,1,0,1,1,1,1,0, 
104,0,1,1,1,-6047,1,0,1,0,0,0,0,1,1,0,0,0,0,1, 
105,0,1,1,1,-6046,1,0,1,0,0,0,0,1,1,0,0,0,1,0, 
106,0,1,1,1,-6042,1,0,1,0,0,0,0,1,1,0,0,1,1,0, 
107,0,1,1,1,-6044,1,0,1,0,0,0,0,1,1,0,0,1,0,0, 
108,0,1,1,1,-6044,1,0,1,0,0,0,0,1,1,0,0,1,0,0, 
109,0,1,1,1,-6049,1,0,1,0,0,0,0,1,0,1,1,1,1,1, 
110,0,1,1,1,-6050,1,0,1,0,0,0,0,1,0,1,1,1,1,0, 
111,0,1,1,1,-6054,1,0,1,0,0,0,0,1,0,1,1,0,1,0, 
112,0,1,1,1,-6027,1,0,1,0,0,0,0,1,1,1,0,1,0,1, 
113,0,1,1,1,-5892,1,0,1,0,0,0,1,1,1,1,1,1,0,0, 
114,0,1,1,1,-5596,1,0,1,0,1,0,0,0,1,0,0,1,0,0, 
115,0,1,1,1,-5198,1,0,1,0,1,1,1,0,1,1,0,0,1,0, 
116,0,1,1,1,-4787,1,0,1,1,0,1,0,1,0,0,1,1,0,1, 
117,0,1,1,1,-4424,1,0,1,1,1,0,1,0,1,1,1,0,0,0, 
118,0,1,1,1,-4147,1,0,1,1,1,1,1,1,0,0,1,1,0,1, 
119,0,1,1,1,-3951,1,1,0,0,0,0,1,0,0,1,0,0,0,1, 
120,0,1,1,1,-3815,1,1,0,0,0,1,0,0,0,1,1,0,0,1, 
121,0,1,1,1,-3717,1,1,0,0,0,1,0,1,1,1,1,0,1,1, 
122,0,1,1,1,-3652,1,1,0,0,0,1,1,0,1,1,1,1,0,0, 
123,0,1,1,1,-3613,1,1,0,0,0,1,1,1,1,0,0,0,1,1, 
124,0,1,1,1,-3595,1,1,0,0,0,1,1,1,1,1,0,1,0,1, 
125,0,1,1,1,-3590,1,1,0,0,0,1,1,1,1,1,1,0,1,0, 
126,0,1,1,1,-3591,1,1,0,0,0,1,1,1,1,1,1,0,0,1, 
127,0,1,1,1,-3597,1,1,0,0,0,1,1,1,1,1,0,0,1,1, 
128,0,1,1,1,-3603,1,1,0,0,0,1,1,1,1,0,1,1,0,1, 
129,0,1,1,1,-3613,1,1,0,0,0,1,1,1,1,0,0,0,1,1, 
130,0,1,1,1,-3628,1,1,0,0,0,1,1,1,0,1,0,1,0,0, 
131,0,1,1,1,-3644,1,1,0,0,0,1,1,1,0,0,0,1,0,0, 
132,0,1,1,1,-3664,1,1,0,0,0,1,1,0,1,1,0,0,0,0, 
133,0,1,1,1,-3676,1,1,0,0,0,1,1,0,1,0,0,1,0,0, 
134,0,1,1,1,-3691,1,1,0,0,0,1,1,0,0,1,0,1,0,1, 
135,0,1,1,1,-3703,1,1,0,0,0,1,1,0,0,0,1,0,0,1, 
136,0,1,1,1,-3715,1,1,0,0,0,1,0,1,1,1,1,1,0,1, 
137,0,1,1,1,-3729,1,1,0,0,0,1,0,1,1,0,1,1,1,1, 
138,0,1,1,1,-3740,1,1,0,0,0,1,0,1,1,0,0,1,0,0, 
139,0,1,1,1,-3758,1,1,0,0,0,1,0,1,0,1,0,0,1,0, 
140,0,1,1,1,-3771,1,1,0,0,0,1,0,1,0,0,0,1,0,1, 
141,0,1,1,1,-3784,1,1,0,0,0,1,0,0,1,1,1,0,0,0, 
142,0,1,1,1,-3792,1,1,0,0,0,1,0,0,1,1,0,0,0,0, 
143,0,1,1,1,-3798,1,1,0,0,0,1,0,0,1,0,1,0,1,0, 
144,0,1,1,1,-3803,1,1,0,0,0,1,0,0,1,0,0,1,0,1, 
145,0,1,1,1,-3808,1,1,0,0,0,1,0,0,1,0,0,0,0,0, 
146,0,1,1,1,-3813,1,1,0,0,0,1,0,0,0,1,1,0,1,1, 
147,0,1,1,1,-3819,1,1,0,0,0,1,0,0,0,1,0,1,0,1, 
148,0,1,1,1,-3822,1,1,0,0,0,1,0,0,0,1,0,0,1,0, 
149,0,1,1,1,-3824,1,1,0,0,0,1,0,0,0,1,0,0,0,0, 
150,0,1,1,1,-3825,1,1,0,0,0,1,0,0,0,0,1,1,1,1, 
151,0,1,1,1,-3828,1,1,0,0,0,1,0,0,0,0,1,1,0,0, 
152,0,1,1,1,-3831,1,1,0,0,0,1,0,0,0,0,1,0,0,1, 
153,0,1,1,1,-3829,1,1,0,0,0,1,0,0,0,0,1,0,1,1, 
154,0,1,1,1,-3828,1,1,0,0,0,1,0,0,0,0,1,1,0,0, 
155,0,1,1,1,-3831,1,1,0,0,0,1,0,0,0,0,1,0,0,1, 
156,0,1,1,1,-3834,1,1,0,0,0,1,0,0,0,0,0,1,1,0, 
157,0,1,1,1,-3835,1,1,0,0,0,1,0,0,0,0,0,1,0,1, 
158,0,1,1,1,-3838,1,1,0,0,0,1,0,0,0,0,0,0,1,0, 
159,0,1,1,1,-3839,1,1,0,0,0,1,0,0,0,0,0,0,0,1, 
160,0,1,1,1,-3838,1,1,0,0,0,1,0,0,0,0,0,0,1,0, 
161,0,1,1,1,-3835,1,1,0,0,0,1,0,0,0,0,0,1,0,1, 
162,0,1,1,1,-3833,1,1,0,0,0,1,0,0,0,0,0,1,1,1, 
163,0,1,1,1,-3837,1,1,0,0,0,1,0,0,0,0,0,0,1,1, 
164,0,1,1,1,-3837,1,1,0,0,0,1,0,0,0,0,0,0,1,1, 
165,0,1,1,1,-3840,1,1,0,0,0,1,0,0,0,0,0,0,0,0, 
166,0,1,1,1,-3843,1,1,0,0,0,0,1,1,1,1,1,1,0,1, 
167,0,1,1,1,-3848,1,1,0,0,0,0,1,1,1,1,1,0,0,0, 
168,0,1,1,1,-3851,1,1,0,0,0,0,1,1,1,1,0,1,0,1, 
169,0,1,1,1,-3847,1,1,0,0,0,0,1,1,1,1,1,0,0,1, 
170,0,1,1,1,-3845,1,1,0,0,0,0,1,1,1,1,1,0,1,1, 
171,0,1,1,1,-3843,1,1,0,0,0,0,1,1,1,1,1,1,0,1, 
172,0,1,1,1,-3843,1,1,0,0,0,0,1,1,1,1,1,1,0,1, 
173,0,1,1,1,-3841,1,1,0,0,0,0,1,1,1,1,1,1,1,1, 
174,0,1,1,1,-3843,1,1,0,0,0,0,1,1,1,1,1,1,0,1, 
175,0,1,1,1,-3840,1,1,0,0,0,1,0,0,0,0,0,0,0,0, 
176,0,1,1,1,-3843,1,1,0,0,0,0,1,1,1,1,1,1,0,1, 
177,0,1,1,1,-3841,1,1,0,0,0,0,1,1,1,1,1,1,1,1, 
178,0,1,1,1,-3836,1,1,0,0,0,1,0,0,0,0,0,1,0,0, 
179,0,1,1,1,-3836,1,1,0,0,0,1,0,0,0,0,0,1,0,0, 
180,0,1,1,1,-3834,1,1,0,0,0,1,0,0,0,0,0,1,1,0, 
181,0,1,1,1,-3831,1,1,0,0,0,1,0,0,0,0,1,0,0,1, 
182,0,1,1,1,-3833,1,1,0,0,0,1,0,0,0,0,0,1,1,1, 
183,0,1,1,1,-3833,1,1,0,0,0,1,0,0,0,0,0,1,1,1, 
184,0,1,1,1,-3833,1,1,0,0,0,1,0,0,0,0,0,1,1,1, 
185,0,1,1,1,-3832,1,1,0,0,0,1,0,0,0,0,1,0,0,0, 
186,0,1,1,1,-3830,1,1,0,0,0,1,0,0,0,0,1,0,1,0, 
187,0,1,1,1,-3833,1,1,0,0,0,1,0,0,0,0,0,1,1,1, 
188,0,1,1,1,-3833,1,1,0,0,0,1,0,0,0,0,0,1,1,1, 
189,0,1,1,1,-3836,1,1,0,0,0,1,0,0,0,0,0,1,0,0, 
190,0,1,1,1,-3831,1,1,0,0,0,1,0,0,0,0,1,0,0,1, 
191,0,1,1,1,-3833,1,1,0,0,0,1,0,0,0,0,0,1,1,1, 
192,0,1,1,1,-3835,1,1,0,0,0,1,0,0,0,0,0,1,0,1, 
193,0,1,1,1,-3839,1,1,0,0,0,1,0,0,0,0,0,0,0,1, 
194,0,1,1,1,-3838,1,1,0,0,0,1,0,0,0,0,0,0,1,0, 
195,0,1,1,1,-3840,1,1,0,0,0,1,0,0,0,0,0,0,0,0, 
196,0,1,1,1,-3839,1,1,0,0,0,1,0,0,0,0,0,0,0,1, 
197,0,1,1,1,-3836,1,1,0,0,0,1,0,0,0,0,0,1,0,0, 
198,0,1,1,1,-3838,1,1,0,0,0,1,0,0,0,0,0,0,1,0, 
199,0,1,1,1,-3839,1,1,0,0,0,1,0,0,0,0,0,0,0,1, 
200,0,1,1,1,-3839,1,1,0,0,0,1,0,0,0,0,0,0,0,1, 
201,0,1,1,1,-3839,1,1,0,0,0,1,0,0,0,0,0,0,0,1, 
202,0,1,1,1,-3840,1,1,0,0,0,1,0,0,0,0,0,0,0,0, 
203,0,1,1,1,-3839,1,1,0,0,0,1,0,0,0,0,0,0,0,1, 
204,0,1,1,1,-3839,1,1,0,0,0,1,0,0,0,0,0,0,0,1, 
205,0,1,1,1,-3837,1,1,0,0,0,1,0,0,0,0,0,0,1,1, 
206,0,1,1,1,-3834,1,1,0,0,0,1,0,0,0,0,0,1,1,0, 
207,0,1,1,1,-3831,1,1,0,0,0,1,0,0,0,0,1,0,0,1, 
208,0,1,1,1,-3833,1,1,0,0,0,1,0,0,0,0,0,1,1,1, 
209,0,1,1,1,-3836,1,1,0,0,0,1,0,0,0,0,0,1,0,0, 
210,0,1,1,1,-3839,1,1,0,0,0,1,0,0,0,0,0,0,0,1, 
211,0,1,1,1,-3843,1,1,0,0,0,0,1,1,1,1,1,1,0,1, 
212,0,1,1,1,-3830,1,1,0,0,0,1,0,0,0,0,1,0,1,0, 
213,0,1,1,1,-3723,1,1,0,0,0,1,0,1,1,1,0,1,0,1, 
214,0,1,1,1,-3511,1,1,0,0,1,0,0,1,0,0,1,0,0,1, 
215,0,1,1,1,-3272,1,1,0,0,1,1,0,0,1,1,1,0,0,0, 
216,0,1,1,1,-3073,1,1,0,0,1,1,1,1,1,1,1,1,1,1, 
217,0,1,1,1,-2967,1,1,0,1,0,0,0,1,1,0,1,0,0,1, 
218,0,1,1,1,-2954,1,1,0,1,0,0,0,1,1,1,0,1,1,0, 
219,0,1,1,1,-3024,1,1,0,1,0,0,0,0,1,1,0,0,0,0, 
220,0,1,1,1,-3145,1,1,0,0,1,1,1,0,1,1,0,1,1,1, 
221,0,1,1,1,-3300,1,1,0,0,1,1,0,0,0,1,1,1,0,0, 
222,0,1,1,1,-3475,1,1,0,0,1,0,0,1,1,0,1,1,0,1, 
223,0,1,1,1,-3663,1,1,0,0,0,1,1,0,1,1,0,0,0,1, 
224,0,1,1,1,-3850,1,1,0,0,0,0,1,1,1,1,0,1,1,0, 
225,0,1,1,1,-4032,1,1,0,0,0,0,0,1,0,0,0,0,0,0, 
226,0,1,1,1,-4207,1,0,1,1,1,1,1,0,0,1,0,0,0,1, 
227,0,1,1,1,-4370,1,0,1,1,1,0,1,1,1,0,1,1,1,0, 
228,0,1,1,1,-4523,1,0,1,1,1,0,0,1,0,1,0,1,0,1, 
229,0,1,1,1,-4669,1,0,1,1,0,1,1,1,0,0,0,0,1,1, 
230,0,1,1,1,-4800,1,0,1,1,0,1,0,1,0,0,0,0,0,0, 
231,0,1,1,1,-4922,1,0,1,1,0,0,1,1,0,0,0,1,1,0, 
232,0,1,1,1,-5032,1,0,1,1,0,0,0,1,0,1,1,0,0,0, 
233,0,1,1,1,-5134,1,0,1,0,1,1,1,1,1,1,0,0,1,0, 
234,0,1,1,1,-5220,1,0,1,0,1,1,1,0,0,1,1,1,0,0, 
235,0,1,1,1,-5300,1,0,1,0,1,1,0,1,0,0,1,1,0,0, 
236,0,1,1,1,-5372,1,0,1,0,1,1,0,0,0,0,0,1,0,0, 
237,0,1,1,1,-5437,1,0,1,0,1,0,1,1,0,0,0,0,1,1, 
238,0,1,1,1,-5497,1,0,1,0,1,0,1,0,0,0,0,1,1,1, 
239,0,1,1,1,-5550,1,0,1,0,1,0,0,1,0,1,0,0,1,0, 
240,0,1,1,1,-5599,1,0,1,0,1,0,0,0,1,0,0,0,0,1, 
241,0,1,1,1,-5645,1,0,1,0,0,1,1,1,1,1,0,0,1,1, 
242,0,1,1,1,-5686,1,0,1,0,0,1,1,1,0,0,1,0,1,0, 
243,0,1,1,1,-5724,1,0,1,0,0,1,1,0,1,0,0,1,0,0, 
244,0,1,1,1,-5759,1,0,1,0,0,1,1,0,0,0,0,0,0,1, 
245,0,1,1,1,-5787,1,0,1,0,0,1,0,1,1,0,0,1,0,1, 
246,0,1,1,1,-5815,1,0,1,0,0,1,0,1,0,0,1,0,0,1, 
247,0,1,1,1,-5837,1,0,1,0,0,1,0,0,1,1,0,0,1,1, 
248,0,1,1,1,-5858,1,0,1,0,0,1,0,0,0,1,1,1,1,0, 
249,0,1,1,1,-5880,1,0,1,0,0,1,0,0,0,0,1,0,0,0, 
250,0,1,1,1,-5894,1,0,1,0,0,0,1,1,1,1,1,0,1,0, 
251,0,1,1,1,-5909,1,0,1,0,0,0,1,1,1,0,1,0,1,1, 
252,0,1,1,1,-5919,1,0,1,0,0,0,1,1,1,0,0,0,0,1, 
253,0,1,1,1,-5931,1,0,1,0,0,0,1,1,0,1,0,1,0,1, 
254,0,1,1,1,-5943,1,0,1,0,0,0,1,1,0,0,1,0,0,1, 
255,0,1,1,1,-5954,1,0,1,0,0,0,1,0,1,1,1,1,1,0, 
256,0,1,1,1,-5964,1,0,1,0,0,0,1,0,1,1,0,1,0,0, 
257,0,1,1,1,-5971,1,0,1,0,0,0,1,0,1,0,1,1,0,1, 
258,0,1,1,1,-5979,1,0,1,0,0,0,1,0,1,0,0,1,0,1, 
259,0,1,1,1,-5984,1,0,1,0,0,0,1,0,1,0,0,0,0,0, 
260,0,1,1,1,-5991,1,0,1,0,0,0,1,0,0,1,1,0,0,1, 
261,0,1,1,1,-5991,1,0,1,0,0,0,1,0,0,1,1,0,0,1, 
262,0,1,1,1,-5993,1,0,1,0,0,0,1,0,0,1,0,1,1,1, 
263,0,1,1,1,-5996,1,0,1,0,0,0,1,0,0,1,0,1,0,0, 
264,0,1,1,1,-6000,1,0,1,0,0,0,1,0,0,1,0,0,0,0, 
265,0,1,1,1,-6007,1,0,1,0,0,0,1,0,0,0,1,0,0,1, 
266,0,1,1,1,-6011,1,0,1,0,0,0,1,0,0,0,0,1,0,1, 
267,0,1,1,1,-6012,1,0,1,0,0,0,1,0,0,0,0,1,0,0, 
268,0,1,1,1,-6012,1,0,1,0,0,0,1,0,0,0,0,1,0,0, 
269,0,1,1,1,-6016,1,0,1,0,0,0,1,0,0,0,0,0,0,0, 
270,0,1,1,1,-6018,1,0,1,0,0,0,0,1,1,1,1,1,1,0, 
271,0,1,1,1,-6016,1,0,1,0,0,0,1,0,0,0,0,0,0,0, 
272,0,1,1,1,-6022,1,0,1,0,0,0,0,1,1,1,1,0,1,0, 
273,0,1,1,1,-6026,1,0,1,0,0,0,0,1,1,1,0,1,1,0, 
274,0,1,1,1,-6026,1,0,1,0,0,0,0,1,1,1,0,1,1,0, 
275,0,1,1,1,-6029,1,0,1,0,0,0,0,1,1,1,0,0,1,1, 
276,0,1,1,1,-6029,1,0,1,0,0,0,0,1,1,1,0,0,1,1, 
277,0,1,1,1,-6030,1,0,1,0,0,0,0,1,1,1,0,0,1,0, 
278,0,1,1,1,-6030,1,0,1,0,0,0,0,1,1,1,0,0,1,0, 
279,0,1,1,1,-6030,1,0,1,0,0,0,0,1,1,1,0,0,1,0, 
280,0,1,1,1,-6032,1,0,1,0,0,0,0,1,1,1,0,0,0,0, 
281,0,1,1,1,-6029,1,0,1,0,0,0,0,1,1,1,0,0,1,1, 
282,0,1,1,1,-6033,1,0,1,0,0,0,0,1,1,0,1,1,1,1, 
283,0,1,1,1,-6035,1,0,1,0,0,0,0,1,1,0,1,1,0,1, 
284,0,1,1,1,-6039,1,0,1,0,0,0,0,1,1,0,1,0,0,1, 
285,0,1,1,1,-6038,1,0,1,0,0,0,0,1,1,0,1,0,1,0, 
286,0,1,1,1,-6043,1,0,1,0,0,0,0,1,1,0,0,1,0,1, 
287,0,1,1,1,-6046,1,0,1,0,0,0,0,1,1,0,0,0,1,0, 
288,0,1,1,1,-6045,1,0,1,0,0,0,0,1,1,0,0,0,1,1, 
289,0,1,1,1,-6048,1,0,1,0,0,0,0,1,1,0,0,0,0,0, 
290,0,1,1,1,-6046,1,0,1,0,0,0,0,1,1,0,0,0,1,0, 
291,0,1,1,1,-6052,1,0,1,0,0,0,0,1,0,1,1,1,0,0, 
292,0,1,1,1,-6051,1,0,1,0,0,0,0,1,0,1,1,1,0,1, 
293,0,1,1,1,-6052,1,0,1,0,0,0,0,1,0,1,1,1,0,0, 
294,0,1,1,1,-6052,1,0,1,0,0,0,0,1,0,1,1,1,0,0, 
295,0,1,1,1,-6052,1,0,1,0,0,0,0,1,0,1,1,1,0,0, 
296,0,1,1,1,-6048,1,0,1,0,0,0,0,1,1,0,0,0,0,0, 
297,0,1,1,1,-6050,1,0,1,0,0,0,0,1,0,1,1,1,1,0, 
298,0,1,1,1,-6050,1,0,1,0,0,0,0,1,0,1,1,1,1,0, 
299,0,1,1,1,-6052,1,0,1,0,0,0,0,1,0,1,1,1,0,0, 
300,0,1,1,1,-6055,1,0,1,0,0,0,0,1,0,1,1,0,0,1, 
301,0,1,1,1,-6054,1,0,1,0,0,0,0,1,0,1,1,0,1,0, 
302,0,1,1,1,-6051,1,0,1,0,0,0,0,1,0,1,1,1,0,1, 
303,0,1,1,1,-6053,1,0,1,0,0,0,0,1,0,1,1,0,1,1, 
304,0,1,1,1,-6052,1,0,1,0,0,0,0,1,0,1,1,1,0,0, 
305,0,1,1,1,-6051,1,0,1,0,0,0,0,1,0,1,1,1,0,1, 
306,0,1,1,1,-6049,1,0,1,0,0,0,0,1,0,1,1,1,1,1, 
307,0,1,1,1,-6050,1,0,1,0,0,0,0,1,0,1,1,1,1,0, 
308,0,1,1,1,-6052,1,0,1,0,0,0,0,1,0,1,1,1,0,0, 
309,0,1,1,1,-6051,1,0,1,0,0,0,0,1,0,1,1,1,0,1, 
310,0,1,1,1,-6053,1,0,1,0,0,0,0,1,0,1,1,0,1,1, 
311,0,1,1,1,-6056,1,0,1,0,0,0,0,1,0,1,1,0,0,0, 
312,0,1,1,1,-6034,1,0,1,0,0,0,0,1,1,0,1,1,1,0, 
313,0,1,1,1,-5898,1,0,1,0,0,0,1,1,1,1,0,1,1,0, 
314,0,1,1,1,-5603,1,0,1,0,1,0,0,0,0,1,1,1,0,1, 
315,0,1,1,1,-5207,1,0,1,0,1,1,1,0,1,0,1,0,0,1, 
316,0,1,1,1,-4794,1,0,1,1,0,1,0,1,0,0,0,1,1,0, 
317,0,1,1,1,-4433,1,0,1,1,1,0,1,0,1,0,1,1,1,1, 
318,0,1,1,1,-4151,1,0,1,1,1,1,1,1,0,0,1,0,0,1, 
319,0,1,1,1,-3955,1,1,0,0,0,0,1,0,0,0,1,1,0,1, 
320,0,1,1,1,-3817,1,1,0,0,0,1,0,0,0,1,0,1,1,1, 
321,0,1,1,1,-3723,1,1,0,0,0,1,0,1,1,1,0,1,0,1, 
322,0,1,1,1,-3661,1,1,0,0,0,1,1,0,1,1,0,0,1,1, 
323,0,1,1,1,-3626,1,1,0,0,0,1,1,1,0,1,0,1,1,0, 
324,0,1,1,1,-3606,1,1,0,0,0,1,1,1,1,0,1,0,1,0, 
325,0,1,1,1,-3603,1,1,0,0,0,1,1,1,1,0,1,1,0,1, 
326,0,1,1,1,-3602,1,1,0,0,0,1,1,1,1,0,1,1,1,0, 
327,0,1,1,1,-3605,1,1,0,0,0,1,1,1,1,0,1,0,1,1, 
328,0,1,1,1,-3612,1,1,0,0,0,1,1,1,1,0,0,1,0,0, 
329,0,1,1,1,-3623,1,1,0,0,0,1,1,1,0,1,1,0,0,1, 
330,0,1,1,1,-3638,1,1,0,0,0,1,1,1,0,0,1,0,1,0, 
331,0,1,1,1,-3654,1,1,0,0,0,1,1,0,1,1,1,0,1,0, 
332,0,1,1,1,-3670,1,1,0,0,0,1,1,0,1,0,1,0,1,0, 
333,0,1,1,1,-3684,1,1,0,0,0,1,1,0,0,1,1,1,0,0, 
334,0,1,1,1,-3695,1,1,0,0,0,1,1,0,0,1,0,0,0,1, 
335,0,1,1,1,-3707,1,1,0,0,0,1,1,0,0,0,0,1,0,1, 
336,0,1,1,1,-3719,1,1,0,0,0,1,0,1,1,1,1,0,0,1, 
337,0,1,1,1,-3727,1,1,0,0,0,1,0,1,1,1,0,0,0,1, 
338,0,1,1,1,-3735,1,1,0,0,0,1,0,1,1,0,1,0,0,1, 
339,0,1,1,1,-3741,1,1,0,0,0,1,0,1,1,0,0,0,1,1, 
340,0,1,1,1,-3755,1,1,0,0,0,1,0,1,0,1,0,1,0,1, 
341,0,1,1,1,-3764,1,1,0,0,0,1,0,1,0,0,1,1,0,0, 
342,0,1,1,1,-3775,1,1,0,0,0,1,0,1,0,0,0,0,0,1, 
343,0,1,1,1,-3785,1,1,0,0,0,1,0,0,1,1,0,1,1,1, 
344,0,1,1,1,-3792,1,1,0,0,0,1,0,0,1,1,0,0,0,0, 
345,0,1,1,1,-3796,1,1,0,0,0,1,0,0,1,0,1,1,0,0, 
346,0,1,1,1,-3801,1,1,0,0,0,1,0,0,1,0,0,1,1,1, 
347,0,1,1,1,-3807,1,1,0,0,0,1,0,0,1,0,0,0,0,1, 
348,0,1,1,1,-3813,1,1,0,0,0,1,0,0,0,1,1,0,1,1, 
349,0,1,1,1,-3818,1,1,0,0,0,1,0,0,0,1,0,1,1,0, 
350,0,1,1,1,-3820,1,1,0,0,0,1,0,0,0,1,0,1,0,0, 
351,0,1,1,1,-3822,1,1,0,0,0,1,0,0,0,1,0,0,1,0, 
352,0,1,1,1,-3824,1,1,0,0,0,1,0,0,0,1,0,0,0,0, 
353,0,1,1,1,-3824,1,1,0,0,0,1,0,0,0,1,0,0,0,0, 
354,0,1,1,1,-3824,1,1,0,0,0,1,0,0,0,1,0,0,0,0, 
355,0,1,1,1,-3822,1,1,0,0,0,1,0,0,0,1,0,0,1,0, 
356,0,1,1,1,-3827,1,1,0,0,0,1,0,0,0,0,1,1,0,1, 
357,0,1,1,1,-3829,1,1,0,0,0,1,0,0,0,0,1,0,1,1, 
358,0,1,1,1,-3832,1,1,0,0,0,1,0,0,0,0,1,0,0,0, 
359,0,1,1,1,-3832,1,1,0,0,0,1,0,0,0,0,1,0,0,0, 
360,0,1,1,1,-3832,1,1,0,0,0,1,0,0,0,0,1,0,0,0, 
361,0,1,1,1,-3830,1,1,0,0,0,1,0,0,0,0,1,0,1,0, 
362,0,1,1,1,-3825,1,1,0,0,0,1,0,0,0,0,1,1,1,1, 
363,0,1,1,1,-3829,1,1,0,0,0,1,0,0,0,0,1,0,1,1, 
364,0,1,1,1,-3831,1,1,0,0,0,1,0,0,0,0,1,0,0,1, 
365,0,1,1,1,-3833,1,1,0,0,0,1,0,0,0,0,0,1,1,1, 
366,0,1,1,1,-3837,1,1,0,0,0,1,0,0,0,0,0,0,1,1, 
367,0,1,1,1,-3832,1,1,0,0,0,1,0,0,0,0,1,0,0,0, 
368,0,1,1,1,-3832,1,1,0,0,0,1,0,0,0,0,1,0,0,0, 
369,0,1,1,1,-3828,1,1,0,0,0,1,0,0,0,0,1,1,0,0, 
370,0,1,1,1,-3824,1,1,0,0,0,1,0,0,0,1,0,0,0,0, 
371,0,1,1,1,-3825,1,1,0,0,0,1,0,0,0,0,1,1,1,1, 
372,0,1,1,1,-3822,1,1,0,0,0,1,0,0,0,1,0,0,1,0, 
373,0,1,1,1,-3822,1,1,0,0,0,1,0,0,0,1,0,0,1,0, 
374,0,1,1,1,-3826,1,1,0,0,0,1,0,0,0,0,1,1,1,0, 
375,0,1,1,1,-3828,1,1,0,0,0,1,0,0,0,0,1,1,0,0, 
376,0,1,1,1,-3829,1,1,0,0,0,1,0,0,0,0,1,0,1,1, 
377,0,1,1,1,-3829,1,1,0,0,0,1,0,0,0,0,1,0,1,1, 
378,0,1,1,1,-3829,1,1,0,0,0,1,0,0,0,0,1,0,1,1, 
379,0,1,1,1,-3826,1,1,0,0,0,1,0,0,0,0,1,1,1,0, 
380,0,1,1,1,-3827,1,1,0,0,0,1,0,0,0,0,1,1,0,1, 
381,0,1,1,1,-3828,1,1,0,0,0,1,0,0,0,0,1,1,0,0, 
382,0,1,1,1,-3830,1,1,0,0,0,1,0,0,0,0,1,0,1,0, 
383,0,1,1,1,-3832,1,1,0,0,0,1,0,0,0,0,1,0,0,0, 
384,0,1,1,1,-3836,1,1,0,0,0,1,0,0,0,0,0,1,0,0, 
385,0,1,1,1,-3834,1,1,0,0,0,1,0,0,0,0,0,1,1,0, 
386,0,1,1,1,-3835,1,1,0,0,0,1,0,0,0,0,0,1,0,1, 
387,0,1,1,1,-3835,1,1,0,0,0,1,0,0,0,0,0,1,0,1, 
388,0,1,1,1,-3837,1,1,0,0,0,1,0,0,0,0,0,0,1,1, 
389,0,1,1,1,-3840,1,1,0,0,0,1,0,0,0,0,0,0,0,0, 
390,0,1,1,1,-3841,1,1,0,0,0,0,1,1,1,1,1,1,1,1, 
391,0,1,1,1,-3844,1,1,0,0,0,0,1,1,1,1,1,1,0,0, 
392,0,1,1,1,-3847,1,1,0,0,0,0,1,1,1,1,1,0,0,1, 
393,0,1,1,1,-3844,1,1,0,0,0,0,1,1,1,1,1,1,0,0, 
394,0,1,1,1,-3845,1,1,0,0,0,0,1,1,1,1,1,0,1,1, 
395,0,1,1,1,-3845,1,1,0,0,0,0,1,1,1,1,1,0,1,1, 
396,0,1,1,1,-3845,1,1,0,0,0,0,1,1,1,1,1,0,1,1, 
397,0,1,1,1,-3847,1,1,0,0,0,0,1,1,1,1,1,0,0,1, 
398,0,1,1,1,-3848,1,1,0,0,0,0,1,1,1,1,1,0,0,0, 
399,0,1,1,1,-3850,1,1,0,0,0,0,1,1,1,1,0,1,1,0, 
400,0,1,1,1,-3852,1,1,0,0,0,0,1,1,1,1,0,1,0,0, 
401,0,1,1,1,-3852,1,1,0,0,0,0,1,1,1,1,0,1,0,0, 
402,0,1,1,1,-3850,1,1,0,0,0,0,1,1,1,1,0,1,1,0, 
403,0,1,1,1,-3852,1,1,0,0,0,0,1,1,1,1,0,1,0,0, 
404,0,1,1,1,-3849,1,1,0,0,0,0,1,1,1,1,0,1,1,1, 
405,0,1,1,1,-3850,1,1,0,0,0,0,1,1,1,1,0,1,1,0, 
406,0,1,1,1,-3848,1,1,0,0,0,0,1,1,1,1,1,0,0,0, 
407,0,1,1,1,-3846,1,1,0,0,0,0,1,1,1,1,1,0,1,0, 
408,0,1,1,1,-3844,1,1,0,0,0,0,1,1,1,1,1,1,0,0, 
409,0,1,1,1,-3846,1,1,0,0,0,0,1,1,1,1,1,0,1,0, 
410,0,1,1,1,-3845,1,1,0,0,0,0,1,1,1,1,1,0,1,1, 
411,0,1,1,1,-3843,1,1,0,0,0,0,1,1,1,1,1,1,0,1, 
412,0,1,1,1,-3822,1,1,0,0,0,1,0,0,0,1,0,0,1,0, 
413,0,1,1,1,-3713,1,1,0,0,0,1,0,1,1,1,1,1,1,1, 
414,0,1,1,1,-3504,1,1,0,0,1,0,0,1,0,1,0,0,0,0, 
415,0,1,1,1,-3263,1,1,0,0,1,1,0,1,0,0,0,0,0,1, 
416,0,1,1,1,-3064,1,1,0,1,0,0,0,0,0,0,1,0,0,0, 
417,0,1,1,1,-2955,1,1,0,1,0,0,0,1,1,1,0,1,0,1, 
418,0,1,1,1,-2942,1,1,0,1,0,0,1,0,0,0,0,0,1,0, 
419,0,1,1,1,-3014,1,1,0,1,0,0,0,0,1,1,1,0,1,0, 
420,0,1,1,1,-3139,1,1,0,0,1,1,1,0,1,1,1,1,0,1, 
421,0,1,1,1,-3296,1,1,0,0,1,1,0,0,1,0,0,0,0,0, 
422,0,1,1,1,-3476,1,1,0,0,1,0,0,1,1,0,1,1,0,0, 
423,0,1,1,1,-3663,1,1,0,0,0,1,1,0,1,1,0,0,0,1, 
424,0,1,1,1,-3853,1,1,0,0,0,0,1,1,1,1,0,0,1,1, 
425,0,1,1,1,-4036,1,1,0,0,0,0,0,0,1,1,1,1,0,0, 
426,0,1,1,1,-4213,1,0,1,1,1,1,1,0,0,0,1,0,1,1, 
427,0,1,1,1,-4380,1,0,1,1,1,0,1,1,1,0,0,1,0,0, 
428,0,1,1,1,-4535,1,0,1,1,1,0,0,1,0,0,1,0,0,1, 
429,0,1,1,1,-4679,1,0,1,1,0,1,1,0,1,1,1,0,0,1, 
430,0,1,1,1,-4811,1,0,1,1,0,1,0,0,1,1,0,1,0,1, 
431,0,1,1,1,-4934,1,0,1,1,0,0,1,0,1,1,1,0,1,0, 
432,0,1,1,1,-5042,1,0,1,1,0,0,0,1,0,0,1,1,1,0, 
433,0,1,1,1,-5141,1,0,1,0,1,1,1,1,1,0,1,0,1,1, 
434,0,1,1,1,-5227,1,0,1,0,1,1,1,0,0,1,0,1,0,1, 
435,0,1,1,1,-5304,1,0,1,0,1,1,0,1,0,0,1,0,0,0, 
436,0,1,1,1,-5374,1,0,1,0,1,1,0,0,0,0,0,0,1,0, 
437,0,1,1,1,-5439,1,0,1,0,1,0,1,1,0,0,0,0,0,1, 
438,0,1,1,1,-5496,1,0,1,0,1,0,1,0,0,0,1,0,0,0, 
439,0,1,1,1,-5550,1,0,1,0,1,0,0,1,0,1,0,0,1,0, 
440,0,1,1,1,-5598,1,0,1,0,1,0,0,0,1,0,0,0,1,0, 
441,0,1,1,1,-5643,1,0,1,0,0,1,1,1,1,1,0,1,0,1, 
442,0,1,1,1,-5682,1,0,1,0,0,1,1,1,0,0,1,1,1,0, 
443,0,1,1,1,-5720,1,0,1,0,0,1,1,0,1,0,1,0,0,0, 
444,0,1,1,1,-5751,1,0,1,0,0,1,1,0,0,0,1,0,0,1, 
445,0,1,1,1,-5781,1,0,1,0,0,1,0,1,1,0,1,0,1,1, 
446,0,1,1,1,-5807,1,0,1,0,0,1,0,1,0,1,0,0,0,1, 
447,0,1,1,1,-5831,1,0,1,0,0,1,0,0,1,1,1,0,0,1, 
448,0,1,1,1,-5855,1,0,1,0,0,1,0,0,1,0,0,0,0,1, 
449,0,1,1,1,-5873,1,0,1,0,0,1,0,0,0,0,1,1,1,1, 
450,0,1,1,1,-5888,1,0,1,0,0,1,0,0,0,0,0,0,0,0, 
451,0,1,1,1,-5901,1,0,1,0,0,0,1,1,1,1,0,0,1,1, 
452,0,1,1,1,-5914,1,0,1,0,0,0,1,1,1,0,0,1,1,0, 
453,0,1,1,1,-5923,1,0,1,0,0,0,1,1,0,1,1,1,0,1, 
454,0,1,1,1,-5932,1,0,1,0,0,0,1,1,0,1,0,1,0,0, 
455,0,1,1,1,-5943,1,0,1,0,0,0,1,1,0,0,1,0,0,1, 
456,0,1,1,1,-5953,1,0,1,0,0,0,1,0,1,1,1,1,1,1, 
457,0,1,1,1,-5964,1,0,1,0,0,0,1,0,1,1,0,1,0,0, 
458,0,1,1,1,-5974,1,0,1,0,0,0,1,0,1,0,1,0,1,0, 
459,0,1,1,1,-5979,1,0,1,0,0,0,1,0,1,0,0,1,0,1, 
460,0,1,1,1,-5984,1,0,1,0,0,0,1,0,1,0,0,0,0,0, 
461,0,1,1,1,-5989,1,0,1,0,0,0,1,0,0,1,1,0,1,1, 
462,0,1,1,1,-5995,1,0,1,0,0,0,1,0,0,1,0,1,0,1, 
463,0,1,1,1,-6001,1,0,1,0,0,0,1,0,0,0,1,1,1,1, 
464,0,1,1,1,-6007,1,0,1,0,0,0,1,0,0,0,1,0,0,1, 
465,0,1,1,1,-6014,1,0,1,0,0,0,1,0,0,0,0,0,1,0, 
466,0,1,1,1,-6019,1,0,1,0,0,0,0,1,1,1,1,1,0,1, 
467,0,1,1,1,-6020,1,0,1,0,0,0,0,1,1,1,1,1,0,0, 
468,0,1,1,1,-6021,1,0,1,0,0,0,0,1,1,1,1,0,1,1, 
469,0,1,1,1,-6025,1,0,1,0,0,0,0,1,1,1,0,1,1,1, 
470,0,1,1,1,-6025,1,0,1,0,0,0,0,1,1,1,0,1,1,1, 
471,0,1,1,1,-6027,1,0,1,0,0,0,0,1,1,1,0,1,0,1, 
472,0,1,1,1,-6028,1,0,1,0,0,0,0,1,1,1,0,1,0,0, 
473,0,1,1,1,-6030,1,0,1,0,0,0,0,1,1,1,0,0,1,0, 
474,0,1,1,1,-6035,1,0,1,0,0,0,0,1,1,0,1,1,0,1, 
475,0,1,1,1,-6041,1,0,1,0,0,0,0,1,1,0,0,1,1,1, 
476,0,1,1,1,-6039,1,0,1,0,0,0,0,1,1,0,1,0,0,1, 
477,0,1,1,1,-6039,1,0,1,0,0,0,0,1,1,0,1,0,0,1, 
478,0,1,1,1,-6036,1,0,1,0,0,0,0,1,1,0,1,1,0,0, 
479,0,1,1,1,-6036,1,0,1,0,0,0,0,1,1,0,1,1,0,0, 
480,0,1,1,1,-6038,1,0,1,0,0,0,0,1,1,0,1,0,1,0, 
481,0,1,1,1,-6040,1,0,1,0,0,0,0,1,1,0,1,0,0,0, 
482,0,1,1,1,-6040,1,0,1,0,0,0,0,1,1,0,1,0,0,0, 
483,0,1,1,1,-6045,1,0,1,0,0,0,0,1,1,0,0,0,1,1, 
484,0,1,1,1,-6047,1,0,1,0,0,0,0,1,1,0,0,0,0,1, 
485,0,1,1,1,-6041,1,0,1,0,0,0,0,1,1,0,0,1,1,1, 
486,0,1,1,1,-6040,1,0,1,0,0,0,0,1,1,0,1,0,0,0, 
487,0,1,1,1,-6042,1,0,1,0,0,0,0,1,1,0,0,1,1,0, 
488,0,1,1,1,-6043,1,0,1,0,0,0,0,1,1,0,0,1,0,1, 
489,0,1,1,1,-6042,1,0,1,0,0,0,0,1,1,0,0,1,1,0, 
490,0,1,1,1,-6040,1,0,1,0,0,0,0,1,1,0,1,0,0,0, 
491,0,1,1,1,-6040,1,0,1,0,0,0,0,1,1,0,1,0,0,0, 
492,0,1,1,1,-6042,1,0,1,0,0,0,0,1,1,0,0,1,1,0, 
493,0,1,1,1,-6043,1,0,1,0,0,0,0,1,1,0,0,1,0,1, 
494,0,1,1,1,-6044,1,0,1,0,0,0,0,1,1,0,0,1,0,0, 
495,0,1,1,1,-6047,1,0,1,0,0,0,0,1,1,0,0,0,0,1, 
496,0,1,1,1,-6046,1,0,1,0,0,0,0,1,1,0,0,0,1,0, 
497,0,1,1,1,-6044,1,0,1,0,0,0,0,1,1,0,0,1,0,0, 
498,0,1,1,1,-6044,1,0,1,0,0,0,0,1,1,0,0,1,0,0, 
499,0,1,1,1,-6045,1,0,1,0,0,0,0,1,1,0,0,0,1,1, 
500,0,1,1,1,-6045,1,0,1,0,0,0,0,1,1,0,0,0,1,1, 
501,0,1,1,1,-6047,1,0,1,0,0,0,0,1,1,0,0,0,0,1, 
502,0,1,1,1,-6042,1,0,1,0,0,0,0,1,1,0,0,1,1,0, 
503,0,1,1,1,-6039,1,0,1,0,0,0,0,1,1,0,1,0,0,1, 
504,0,1,1,1,-6038,1,0,1,0,0,0,0,1,1,0,1,0,1,0, 
505,0,1,1,1,-6036,1,0,1,0,0,0,0,1,1,0,1,1,0,0, 
506,0,1,1,1,-6034,1,0,1,0,0,0,0,1,1,0,1,1,1,0, 
507,0,1,1,1,-6034,1,0,1,0,0,0,0,1,1,0,1,1,1,0, 
508,0,1,1,1,-6037,1,0,1,0,0,0,0,1,1,0,1,0,1,1, 
509,0,1,1,1,-6040,1,0,1,0,0,0,0,1,1,0,1,0,0,0, 
510,0,1,1,1,-6044,1,0,1,0,0,0,0,1,1,0,0,1,0,0, 
511,0,1,1,1,-6051,1,0,1,0,0,0,0,1,0,1,1,1,0,1, 
512,0,1,1,1,-6034,1,0,1,0,0,0,0,1,1,0,1,1,1,0, 
513,0,1,1,1,-5903,1,0,1,0,0,0,1,1,1,1,0,0,0,1, 
514,0,1,1,1,-5609,1,0,1,0,1,0,0,0,0,1,0,1,1,1, 
515,0,1,1,1,-5215,1,0,1,0,1,1,1,0,1,0,0,0,0,1, 
516,0,1,1,1,-4805,1,0,1,1,0,1,0,0,1,1,1,0,1,1, 
517,0,1,1,1,-4445,1,0,1,1,1,0,1,0,1,0,0,0,1,1, 
518,0,1,1,1,-4166,1,0,1,1,1,1,1,0,1,1,1,0,1,0, 
519,0,1,1,1,-3970,1,1,0,0,0,0,0,1,1,1,1,1,1,0, 
520,0,1,1,1,-3829,1,1,0,0,0,1,0,0,0,0,1,0,1,1, 
521,0,1,1,1,-3730,1,1,0,0,0,1,0,1,1,0,1,1,1,0, 
522,0,1,1,1,-3664,1,1,0,0,0,1,1,0,1,1,0,0,0,0, 
523,0,1,1,1,-3623,1,1,0,0,0,1,1,1,0,1,1,0,0,1, 
524,0,1,1,1,-3604,1,1,0,0,0,1,1,1,1,0,1,1,0,0, 
525,0,1,1,1,-3599,1,1,0,0,0,1,1,1,1,1,0,0,0,1, 
526,0,1,1,1,-3600,1,1,0,0,0,1,1,1,1,1,0,0,0,0, 
527,0,1,1,1,-3606,1,1,0,0,0,1,1,1,1,0,1,0,1,0, 
528,0,1,1,1,-3613,1,1,0,0,0,1,1,1,1,0,0,0,1,1, 
529,0,1,1,1,-3623,1,1,0,0,0,1,1,1,0,1,1,0,0,1, 
530,0,1,1,1,-3634,1,1,0,0,0,1,1,1,0,0,1,1,1,0, 
531,0,1,1,1,-3651,1,1,0,0,0,1,1,0,1,1,1,1,0,1, 
532,0,1,1,1,-3664,1,1,0,0,0,1,1,0,1,1,0,0,0,0, 
533,0,1,1,1,-3679,1,1,0,0,0,1,1,0,1,0,0,0,0,1, 
534,0,1,1,1,-3692,1,1,0,0,0,1,1,0,0,1,0,1,0,0, 
535,0,1,1,1,-3702,1,1,0,0,0,1,1,0,0,0,1,0,1,0, 
536,0,1,1,1,-3711,1,1,0,0,0,1,1,0,0,0,0,0,0,1, 
537,0,1,1,1,-3719,1,1,0,0,0,1,0,1,1,1,1,0,0,1, 
538,0,1,1,1,-3731,1,1,0,0,0,1,0,1,1,0,1,1,0,1, 
539,0,1,1,1,-3743,1,1,0,0,0,1,0,1,1,0,0,0,0,1, 
540,0,1,1,1,-3749,1,1,0,0,0,1,0,1,0,1,1,0,1,1, 
541,0,1,1,1,-3756,1,1,0,0,0,1,0,1,0,1,0,1,0,0, 
542,0,1,1,1,-3762,1,1,0,0,0,1,0,1,0,0,1,1,1,0, 
543,0,1,1,1,-3767,1,1,0,0,0,1,0,1,0,0,1,0,0,1, 
544,0,1,1,1,-3775,1,1,0,0,0,1,0,1,0,0,0,0,0,1, 
545,0,1,1,1,-3783,1,1,0,0,0,1,0,0,1,1,1,0,0,1, 
546,0,1,1,1,-3789,1,1,0,0,0,1,0,0,1,1,0,0,1,1, 
547,0,1,1,1,-3796,1,1,0,0,0,1,0,0,1,0,1,1,0,0, 
548,0,1,1,1,-3804,1,1,0,0,0,1,0,0,1,0,0,1,0,0, 
549,0,1,1,1,-3808,1,1,0,0,0,1,0,0,1,0,0,0,0,0, 
550,0,1,1,1,-3815,1,1,0,0,0,1,0,0,0,1,1,0,0,1, 
551,0,1,1,1,-3818,1,1,0,0,0,1,0,0,0,1,0,1,1,0, 
552,0,1,1,1,-3823,1,1,0,0,0,1,0,0,0,1,0,0,0,1, 
553,0,1,1,1,-3823,1,1,0,0,0,1,0,0,0,1,0,0,0,1, 
554,0,1,1,1,-3826,1,1,0,0,0,1,0,0,0,0,1,1,1,0, 
555,0,1,1,1,-3822,1,1,0,0,0,1,0,0,0,1,0,0,1,0, 
556,0,1,1,1,-3823,1,1,0,0,0,1,0,0,0,1,0,0,0,1, 
557,0,1,1,1,-3824,1,1,0,0,0,1,0,0,0,1,0,0,0,0, 
558,0,1,1,1,-3827,1,1,0,0,0,1,0,0,0,0,1,1,0,1, 
559,0,1,1,1,-3827,1,1,0,0,0,1,0,0,0,0,1,1,0,1, 
560,0,1,1,1,-3827,1,1,0,0,0,1,0,0,0,0,1,1,0,1, 
561,0,1,1,1,-3822,1,1,0,0,0,1,0,0,0,1,0,0,1,0, 
562,0,1,1,1,-3822,1,1,0,0,0,1,0,0,0,1,0,0,1,0, 
563,0,1,1,1,-3821,1,1,0,0,0,1,0,0,0,1,0,0,1,1, 
564,0,1,1,1,-3818,1,1,0,0,0,1,0,0,0,1,0,1,1,0, 
565,0,1,1,1,-3817,1,1,0,0,0,1,0,0,0,1,0,1,1,1, 
566,0,1,1,1,-3818,1,1,0,0,0,1,0,0,0,1,0,1,1,0, 
567,0,1,1,1,-3820,1,1,0,0,0,1,0,0,0,1,0,1,0,0, 
568,0,1,1,1,-3822,1,1,0,0,0,1,0,0,0,1,0,0,1,0, 
569,0,1,1,1,-3820,1,1,0,0,0,1,0,0,0,1,0,1,0,0, 
570,0,1,1,1,-3817,1,1,0,0,0,1,0,0,0,1,0,1,1,1, 
571,0,1,1,1,-3818,1,1,0,0,0,1,0,0,0,1,0,1,1,0, 
572,0,1,1,1,-3819,1,1,0,0,0,1,0,0,0,1,0,1,0,1, 
573,0,1,1,1,-3821,1,1,0,0,0,1,0,0,0,1,0,0,1,1, 
574,0,1,1,1,-3822,1,1,0,0,0,1,0,0,0,1,0,0,1,0, 
575,0,1,1,1,-3822,1,1,0,0,0,1,0,0,0,1,0,0,1,0, 
576,0,1,1,1,-3821,1,1,0,0,0,1,0,0,0,1,0,0,1,1, 
577,0,1,1,1,-3820,1,1,0,0,0,1,0,0,0,1,0,1,0,0, 
578,0,1,1,1,-3820,1,1,0,0,0,1,0,0,0,1,0,1,0,0, 
579,0,1,1,1,-3819,1,1,0,0,0,1,0,0,0,1,0,1,0,1, 
580,0,1,1,1,-3821,1,1,0,0,0,1,0,0,0,1,0,0,1,1, 
581,0,1,1,1,-3822,1,1,0,0,0,1,0,0,0,1,0,0,1,0, 
582,0,1,1,1,-3824,1,1,0,0,0,1,0,0,0,1,0,0,0,0, 
583,0,1,1,1,-3828,1,1,0,0,0,1,0,0,0,0,1,1,0,0, 
584,0,1,1,1,-3828,1,1,0,0,0,1,0,0,0,0,1,1,0,0, 
585,0,1,1,1,-3830,1,1,0,0,0,1,0,0,0,0,1,0,1,0, 
586,0,1,1,1,-3831,1,1,0,0,0,1,0,0,0,0,1,0,0,1, 
587,0,1,1,1,-3830,1,1,0,0,0,1,0,0,0,0,1,0,1,0, 
588,0,1,1,1,-3834,1,1,0,0,0,1,0,0,0,0,0,1,1,0, 
589,0,1,1,1,-3831,1,1,0,0,0,1,0,0,0,0,1,0,0,1, 
590,0,1,1,1,-3829,1,1,0,0,0,1,0,0,0,0,1,0,1,1, 
591,0,1,1,1,-3830,1,1,0,0,0,1,0,0,0,0,1,0,1,0, 
592,0,1,1,1,-3828,1,1,0,0,0,1,0,0,0,0,1,1,0,0, 
593,0,1,1,1,-3824,1,1,0,0,0,1,0,0,0,1,0,0,0,0, 
594,0,1,1,1,-3827,1,1,0,0,0,1,0,0,0,0,1,1,0,1, 
595,0,1,1,1,-3824,1,1,0,0,0,1,0,0,0,1,0,0,0,0, 
596,0,1,1,1,-3826,1,1,0,0,0,1,0,0,0,0,1,1,1,0, 
597,0,1,1,1,-3829,1,1,0,0,0,1,0,0,0,0,1,0,1,1, 
598,0,1,1,1,-3830,1,1,0,0,0,1,0,0,0,0,1,0,1,0, 
599,0,1,1,1,-3830,1,1,0,0,0,1,0,0,0,0,1,0,1,0, 
600,0,1,1,1,-3835,1,1,0,0,0,1,0,0,0,0,0,1,0,1, 
601,0,1,1,1,-3835,1,1,0,0,0,1,0,0,0,0,0,1,0,1, 
602,0,1,1,1,-3835,1,1,0,0,0,1,0,0,0,0,0,1,0,1, 
603,0,1,1,1,-3832,1,1,0,0,0,1,0,0,0,0,1,0,0,0, 
604,0,1,1,1,-3832,1,1,0,0,0,1,0,0,0,0,1,0,0,0, 
605,0,1,1,1,-3827,1,1,0,0,0,1,0,0,0,0,1,1,0,1, 
606,0,1,1,1,-3828,1,1,0,0,0,1,0,0,0,0,1,1,0,0, 
607,0,1,1,1,-3826,1,1,0,0,0,1,0,0,0,0,1,1,1,0, 
608,0,1,1,1,-3826,1,1,0,0,0,1,0,0,0,0,1,1,1,0, 
609,0,1,1,1,-3824,1,1,0,0,0,1,0,0,0,1,0,0,0,0, 
610,0,1,1,1,-3824,1,1,0,0,0,1,0,0,0,1,0,0,0,0, 
611,0,1,1,1,-3823,1,1,0,0,0,1,0,0,0,1,0,0,0,1, 
612,0,1,1,1,-3804,1,1,0,0,0,1,0,0,1,0,0,1,0,0, 
613,0,1,1,1,-3700,1,1,0,0,0,1,1,0,0,0,1,1,0,0, 
614,0,1,1,1,-3491,1,1,0,0,1,0,0,1,0,1,1,1,0,1, 
615,0,1,1,1,-3258,1,1,0,0,1,1,0,1,0,0,0,1,1,0, 
616,0,1,1,1,-3061,1,1,0,1,0,0,0,0,0,0,1,0,1,1, 
617,0,1,1,1,-2958,1,1,0,1,0,0,0,1,1,1,0,0,1,0, 
618,0,1,1,1,-2944,1,1,0,1,0,0,1,0,0,0,0,0,0,0, 
619,0,1,1,1,-3015,1,1,0,1,0,0,0,0,1,1,1,0,0,1, 
620,0,1,1,1,-3140,1,1,0,0,1,1,1,0,1,1,1,1,0,0, 
621,0,1,1,1,-3297,1,1,0,0,1,1,0,0,0,1,1,1,1,1, 
622,0,1,1,1,-3473,1,1,0,0,1,0,0,1,1,0,1,1,1,1, 
623,0,1,1,1,-3660,1,1,0,0,0,1,1,0,1,1,0,1,0,0, 
624,0,1,1,1,-3848,1,1,0,0,0,0,1,1,1,1,1,0,0,0, 
625,0,1,1,1,-4031,1,1,0,0,0,0,0,1,0,0,0,0,0,1, 
626,0,1,1,1,-4208,1,0,1,1,1,1,1,0,0,1,0,0,0,0, 
627,0,1,1,1,-4376,1,0,1,1,1,0,1,1,1,0,1,0,0,0, 
628,0,1,1,1,-4529,1,0,1,1,1,0,0,1,0,0,1,1,1,1, 
629,0,1,1,1,-4674,1,0,1,1,0,1,1,0,1,1,1,1,1,0, 
630,0,1,1,1,-4810,1,0,1,1,0,1,0,0,1,1,0,1,1,0, 
631,0,1,1,1,-4933,1,0,1,1,0,0,1,0,1,1,1,0,1,1, 
632,0,1,1,1,-5040,1,0,1,1,0,0,0,1,0,1,0,0,0,0, 
633,0,1,1,1,-5141,1,0,1,0,1,1,1,1,1,0,1,0,1,1, 
634,0,1,1,1,-5232,1,0,1,0,1,1,1,0,0,1,0,0,0,0, 
635,0,1,1,1,-5305,1,0,1,0,1,1,0,1,0,0,0,1,1,1, 
636,0,1,1,1,-5381,1,0,1,0,1,0,1,1,1,1,1,0,1,1, 
637,0,1,1,1,-5448,1,0,1,0,1,0,1,0,1,1,1,0,0,0, 
638,0,1,1,1,-5508,1,0,1,0,1,0,0,1,1,1,1,1,0,0, 
639,0,1,1,1,-5567,1,0,1,0,1,0,0,1,0,0,0,0,0,1, 
640,0,1,1,1,-5617,1,0,1,0,1,0,0,0,0,0,1,1,1,1, 
641,0,1,1,1,-5659,1,0,1,0,0,1,1,1,1,0,0,1,0,1, 
642,0,1,1,1,-5695,1,0,1,0,0,1,1,1,0,0,0,0,0,1, 
643,0,1,1,1,-5732,1,0,1,0,0,1,1,0,0,1,1,1,0,0, 
644,0,1,1,1,-5760,1,0,1,0,0,1,1,0,0,0,0,0,0,0, 
645,0,1,1,1,-5789,1,0,1,0,0,1,0,1,1,0,0,0,1,1, 
646,0,1,1,1,-5814,1,0,1,0,0,1,0,1,0,0,1,0,1,0, 
647,0,1,1,1,-5839,1,0,1,0,0,1,0,0,1,1,0,0,0,1, 
648,0,1,1,1,-5867,1,0,1,0,0,1,0,0,0,1,0,1,0,1, 
649,0,1,1,1,-5886,1,0,1,0,0,1,0,0,0,0,0,0,1,0, 
650,0,1,1,1,-5905,1,0,1,0,0,0,1,1,1,0,1,1,1,1, 
651,0,1,1,1,-5921,1,0,1,0,0,0,1,1,0,1,1,1,1,1, 
652,0,1,1,1,-5932,1,0,1,0,0,0,1,1,0,1,0,1,0,0, 
653,0,1,1,1,-5944,1,0,1,0,0,0,1,1,0,0,1,0,0,0, 
654,0,1,1,1,-5952,1,0,1,0,0,0,1,1,0,0,0,0,0,0, 
655,0,1,1,1,-5965,1,0,1,0,0,0,1,0,1,1,0,0,1,1, 
656,0,1,1,1,-5975,1,0,1,0,0,0,1,0,1,0,1,0,0,1, 
657,0,1,1,1,-5983,1,0,1,0,0,0,1,0,1,0,0,0,0,1, 
658,0,1,1,1,-5993,1,0,1,0,0,0,1,0,0,1,0,1,1,1, 
659,0,1,1,1,-6002,1,0,1,0,0,0,1,0,0,0,1,1,1,0, 
660,0,1,1,1,-6002,1,0,1,0,0,0,1,0,0,0,1,1,1,0, 
661,0,1,1,1,-6002,1,0,1,0,0,0,1,0,0,0,1,1,1,0, 
662,0,1,1,1,-6008,1,0,1,0,0,0,1,0,0,0,1,0,0,0, 
663,0,1,1,1,-6009,1,0,1,0,0,0,1,0,0,0,0,1,1,1, 
664,0,1,1,1,-6013,1,0,1,0,0,0,1,0,0,0,0,0,1,1, 
665,0,1,1,1,-6019,1,0,1,0,0,0,0,1,1,1,1,1,0,1, 
666,0,1,1,1,-6025,1,0,1,0,0,0,0,1,1,1,0,1,1,1, 
667,0,1,1,1,-6029,1,0,1,0,0,0,0,1,1,1,0,0,1,1, 
668,0,1,1,1,-6029,1,0,1,0,0,0,0,1,1,1,0,0,1,1, 
669,0,1,1,1,-6034,1,0,1,0,0,0,0,1,1,0,1,1,1,0, 
670,0,1,1,1,-6034,1,0,1,0,0,0,0,1,1,0,1,1,1,0, 
671,0,1,1,1,-6038,1,0,1,0,0,0,0,1,1,0,1,0,1,0, 
672,0,1,1,1,-6039,1,0,1,0,0,0,0,1,1,0,1,0,0,1, 
673,0,1,1,1,-6040,1,0,1,0,0,0,0,1,1,0,1,0,0,0, 
674,0,1,1,1,-6043,1,0,1,0,0,0,0,1,1,0,0,1,0,1, 
675,0,1,1,1,-6040,1,0,1,0,0,0,0,1,1,0,1,0,0,0, 
676,0,1,1,1,-6042,1,0,1,0,0,0,0,1,1,0,0,1,1,0, 
677,0,1,1,1,-6040,1,0,1,0,0,0,0,1,1,0,1,0,0,0, 
678,0,1,1,1,-6041,1,0,1,0,0,0,0,1,1,0,0,1,1,1, 
679,0,1,1,1,-6043,1,0,1,0,0,0,0,1,1,0,0,1,0,1, 
680,0,1,1,1,-6043,1,0,1,0,0,0,0,1,1,0,0,1,0,1, 
681,0,1,1,1,-6047,1,0,1,0,0,0,0,1,1,0,0,0,0,1, 
682,0,1,1,1,-6047,1,0,1,0,0,0,0,1,1,0,0,0,0,1, 
683,0,1,1,1,-6047,1,0,1,0,0,0,0,1,1,0,0,0,0,1, 
684,0,1,1,1,-6050,1,0,1,0,0,0,0,1,0,1,1,1,1,0, 
685,0,1,1,1,-6048,1,0,1,0,0,0,0,1,1,0,0,0,0,0, 
686,0,1,1,1,-6047,1,0,1,0,0,0,0,1,1,0,0,0,0,1, 
687,0,1,1,1,-6045,1,0,1,0,0,0,0,1,1,0,0,0,1,1, 
688,0,1,1,1,-6043,1,0,1,0,0,0,0,1,1,0,0,1,0,1, 
689,0,1,1,1,-6044,1,0,1,0,0,0,0,1,1,0,0,1,0,0, 
690,0,1,1,1,-6053,1,0,1,0,0,0,0,1,0,1,1,0,1,1, 
691,0,1,1,1,-6052,1,0,1,0,0,0,0,1,0,1,1,1,0,0, 
692,0,1,1,1,-6054,1,0,1,0,0,0,0,1,0,1,1,0,1,0, 
693,0,1,1,1,-6056,1,0,1,0,0,0,0,1,0,1,1,0,0,0, 
694,0,1,1,1,-6051,1,0,1,0,0,0,0,1,0,1,1,1,0,1, 
695,0,1,1,1,-6050,1,0,1,0,0,0,0,1,0,1,1,1,1,0, 
696,0,1,1,1,-6051,1,0,1,0,0,0,0,1,0,1,1,1,0,1, 
697,0,1,1,1,-6051,1,0,1,0,0,0,0,1,0,1,1,1,0,1, 
698,0,1,1,1,-6054,1,0,1,0,0,0,0,1,0,1,1,0,1,0, 
699,0,1,1,1,-6051,1,0,1,0,0,0,0,1,0,1,1,1,0,1, 
700,0,1,1,1,-6052,1,0,1,0,0,0,0,1,0,1,1,1,0,0, 
701,0,1,1,1,-6053,1,0,1,0,0,0,0,1,0,1,1,0,1,1, 
702,0,1,1,1,-6053,1,0,1,0,0,0,0,1,0,1,1,0,1,1, 
703,0,1,1,1,-6054,1,0,1,0,0,0,0,1,0,1,1,0,1,0, 
704,0,1,1,1,-6055,1,0,1,0,0,0,0,1,0,1,1,0,0,1, 
705,0,1,1,1,-6054,1,0,1,0,0,0,0,1,0,1,1,0,1,0, 
706,0,1,1,1,-6054,1,0,1,0,0,0,0,1,0,1,1,0,1,0, 
707,0,1,1,1,-6054,1,0,1,0,0,0,0,1,0,1,1,0,1,0, 
708,0,1,1,1,-6059,1,0,1,0,0,0,0,1,0,1,0,1,0,1, 
709,0,1,1,1,-6057,1,0,1,0,0,0,0,1,0,1,0,1,1,1, 
710,0,1,1,1,-6060,1,0,1,0,0,0,0,1,0,1,0,1,0,0, 
711,0,1,1,1,-6061,1,0,1,0,0,0,0,1,0,1,0,0,1,1, 
712,0,1,1,1,-6037,1,0,1,0,0,0,0,1,1,0,1,0,1,1, 
713,0,1,1,1,-5900,1,0,1,0,0,0,1,1,1,1,0,1,0,0, 
714,0,1,1,1,-5605,1,0,1,0,1,0,0,0,0,1,1,0,1,1, 
715,0,1,1,1,-5206,1,0,1,0,1,1,1,0,1,0,1,0,1,0, 
716,0,1,1,1,-4797,1,0,1,1,0,1,0,1,0,0,0,0,1,1, 
717,0,1,1,1,-4439,1,0,1,1,1,0,1,0,1,0,1,0,0,1, 
718,0,1,1,1,-4161,1,0,1,1,1,1,1,0,1,1,1,1,1,1, 
719,0,1,1,1,-3963,1,1,0,0,0,0,1,0,0,0,0,1,0,1, 
720,0,1,1,1,-3829,1,1,0,0,0,1,0,0,0,0,1,0,1,1, 
721,0,1,1,1,-3731,1,1,0,0,0,1,0,1,1,0,1,1,0,1, 
722,0,1,1,1,-3669,1,1,0,0,0,1,1,0,1,0,1,0,1,1, 
723,0,1,1,1,-3634,1,1,0,0,0,1,1,1,0,0,1,1,1,0, 
724,0,1,1,1,-3614,1,1,0,0,0,1,1,1,1,0,0,0,1,0, 
725,0,1,1,1,-3610,1,1,0,0,0,1,1,1,1,0,0,1,1,0, 
726,0,1,1,1,-3609,1,1,0,0,0,1,1,1,1,0,0,1,1,1, 
727,0,1,1,1,-3614,1,1,0,0,0,1,1,1,1,0,0,0,1,0, 
728,0,1,1,1,-3625,1,1,0,0,0,1,1,1,0,1,0,1,1,1, 
729,0,1,1,1,-3636,1,1,0,0,0,1,1,1,0,0,1,1,0,0, 
730,0,1,1,1,-3651,1,1,0,0,0,1,1,0,1,1,1,1,0,1, 
731,0,1,1,1,-3668,1,1,0,0,0,1,1,0,1,0,1,1,0,0, 
732,0,1,1,1,-3684,1,1,0,0,0,1,1,0,0,1,1,1,0,0, 
733,0,1,1,1,-3696,1,1,0,0,0,1,1,0,0,1,0,0,0,0, 
734,0,1,1,1,-3704,1,1,0,0,0,1,1,0,0,0,1,0,0,0, 
735,0,1,1,1,-3716,1,1,0,0,0,1,0,1,1,1,1,1,0,0, 
736,0,1,1,1,-3724,1,1,0,0,0,1,0,1,1,1,0,1,0,0, 
737,0,1,1,1,-3733,1,1,0,0,0,1,0,1,1,0,1,0,1,1, 
738,0,1,1,1,-3746,1,1,0,0,0,1,0,1,0,1,1,1,1,0, 
739,0,1,1,1,-3756,1,1,0,0,0,1,0,1,0,1,0,1,0,0, 
740,0,1,1,1,-3766,1,1,0,0,0,1,0,1,0,0,1,0,1,0, 
741,0,1,1,1,-3774,1,1,0,0,0,1,0,1,0,0,0,0,1,0, 
742,0,1,1,1,-3777,1,1,0,0,0,1,0,0,1,1,1,1,1,1, 
743,0,1,1,1,-3781,1,1,0,0,0,1,0,0,1,1,1,0,1,1, 
744,0,1,1,1,-3785,1,1,0,0,0,1,0,0,1,1,0,1,1,1, 
745,0,1,1,1,-3784,1,1,0,0,0,1,0,0,1,1,1,0,0,0, 
746,0,1,1,1,-3788,1,1,0,0,0,1,0,0,1,1,0,1,0,0, 
747,0,1,1,1,-3785,1,1,0,0,0,1,0,0,1,1,0,1,1,1, 
748,0,1,1,1,-3789,1,1,0,0,0,1,0,0,1,1,0,0,1,1, 
749,0,1,1,1,-3792,1,1,0,0,0,1,0,0,1,1,0,0,0,0, 
750,0,1,1,1,-3792,1,1,0,0,0,1,0,0,1,1,0,0,0,0, 
751,0,1,1,1,-3789,1,1,0,0,0,1,0,0,1,1,0,0,1,1, 
752,0,1,1,1,-3788,1,1,0,0,0,1,0,0,1,1,0,1,0,0, 
753,0,1,1,1,-3789,1,1,0,0,0,1,0,0,1,1,0,0,1,1, 
754,0,1,1,1,-3786,1,1,0,0,0,1,0,0,1,1,0,1,1,0, 
755,0,1,1,1,-3791,1,1,0,0,0,1,0,0,1,1,0,0,0,1, 
756,0,1,1,1,-3791,1,1,0,0,0,1,0,0,1,1,0,0,0,1, 
757,0,1,1,1,-3792,1,1,0,0,0,1,0,0,1,1,0,0,0,0, 
758,0,1,1,1,-3795,1,1,0,0,0,1,0,0,1,0,1,1,0,1, 
759,0,1,1,1,-3797,1,1,0,0,0,1,0,0,1,0,1,0,1,1, 
760,0,1,1,1,-3795,1,1,0,0,0,1,0,0,1,0,1,1,0,1, 
761,0,1,1,1,-3795,1,1,0,0,0,1,0,0,1,0,1,1,0,1, 
762,0,1,1,1,-3789,1,1,0,0,0,1,0,0,1,1,0,0,1,1, 
763,0,1,1,1,-3790,1,1,0,0,0,1,0,0,1,1,0,0,1,0, 
764,0,1,1,1,-3788,1,1,0,0,0,1,0,0,1,1,0,1,0,0, 
765,0,1,1,1,-3789,1,1,0,0,0,1,0,0,1,1,0,0,1,1, 
766,0,1,1,1,-3794,1,1,0,0,0,1,0,0,1,0,1,1,1,0, 
767,0,1,1,1,-3794,1,1,0,0,0,1,0,0,1,0,1,1,1,0, 
768,0,1,1,1,-3795,1,1,0,0,0,1,0,0,1,0,1,1,0,1, 
769,0,1,1,1,-3796,1,1,0,0,0,1,0,0,1,0,1,1,0,0, 
770,0,1,1,1,-3798,1,1,0,0,0,1,0,0,1,0,1,0,1,0, 
771,0,1,1,1,-3798,1,1,0,0,0,1,0,0,1,0,1,0,1,0, 
772,0,1,1,1,-3800,1,1,0,0,0,1,0,0,1,0,1,0,0,0, 
773,0,1,1,1,-3802,1,1,0,0,0,1,0,0,1,0,0,1,1,0, 
774,0,1,1,1,-3803,1,1,0,0,0,1,0,0,1,0,0,1,0,1, 
775,0,1,1,1,-3807,1,1,0,0,0,1,0,0,1,0,0,0,0,1, 
776,0,1,1,1,-3809,1,1,0,0,0,1,0,0,0,1,1,1,1,1, 
777,0,1,1,1,-3812,1,1,0,0,0,1,0,0,0,1,1,1,0,0, 
778,0,1,1,1,-3817,1,1,0,0,0,1,0,0,0,1,0,1,1,1, 
779,0,1,1,1,-3818,1,1,0,0,0,1,0,0,0,1,0,1,1,0, 
780,0,1,1,1,-3818,1,1,0,0,0,1,0,0,0,1,0,1,1,0, 
781,0,1,1,1,-3821,1,1,0,0,0,1,0,0,0,1,0,0,1,1, 
782,0,1,1,1,-3824,1,1,0,0,0,1,0,0,0,1,0,0,0,0, 
783,0,1,1,1,-3823,1,1,0,0,0,1,0,0,0,1,0,0,0,1, 
784,0,1,1,1,-3827,1,1,0,0,0,1,0,0,0,0,1,1,0,1, 
785,0,1,1,1,-3828,1,1,0,0,0,1,0,0,0,0,1,1,0,0, 
786,0,1,1,1,-3830,1,1,0,0,0,1,0,0,0,0,1,0,1,0, 
787,0,1,1,1,-3831,1,1,0,0,0,1,0,0,0,0,1,0,0,1, 
788,0,1,1,1,-3833,1,1,0,0,0,1,0,0,0,0,0,1,1,1, 
789,0,1,1,1,-3837,1,1,0,0,0,1,0,0,0,0,0,0,1,1, 
790,0,1,1,1,-3833,1,1,0,0,0,1,0,0,0,0,0,1,1,1, 
791,0,1,1,1,-3836,1,1,0,0,0,1,0,0,0,0,0,1,0,0, 
792,0,1,1,1,-3837,1,1,0,0,0,1,0,0,0,0,0,0,1,1, 
793,0,1,1,1,-3837,1,1,0,0,0,1,0,0,0,0,0,0,1,1, 
794,0,1,1,1,-3836,1,1,0,0,0,1,0,0,0,0,0,1,0,0, 
795,0,1,1,1,-3833,1,1,0,0,0,1,0,0,0,0,0,1,1,1, 
796,0,1,1,1,-3833,1,1,0,0,0,1,0,0,0,0,0,1,1,1, 
797,0,1,1,1,-3834,1,1,0,0,0,1,0,0,0,0,0,1,1,0, 
798,0,1,1,1,-3833,1,1,0,0,0,1,0,0,0,0,0,1,1,1, 
799,0,1,1,1,-3836,1,1,0,0,0,1,0,0,0,0,0,1,0,0, 
800,0,1,1,1,-3836,1,1,0,0,0,1,0,0,0,0,0,1,0,0, 
801,0,1,1,1,-3835,1,1,0,0,0,1,0,0,0,0,0,1,0,1, 
802,0,1,1,1,-3837,1,1,0,0,0,1,0,0,0,0,0,0,1,1, 
803,0,1,1,1,-3835,1,1,0,0,0,1,0,0,0,0,0,1,0,1, 
804,0,1,1,1,-3838,1,1,0,0,0,1,0,0,0,0,0,0,1,0, 
805,0,1,1,1,-3838,1,1,0,0,0,1,0,0,0,0,0,0,1,0, 
806,0,1,1,1,-3841,1,1,0,0,0,0,1,1,1,1,1,1,1,1, 
807,0,1,1,1,-3841,1,1,0,0,0,0,1,1,1,1,1,1,1,1, 
808,0,1,1,1,-3842,1,1,0,0,0,0,1,1,1,1,1,1,1,0, 
809,0,1,1,1,-3846,1,1,0,0,0,0,1,1,1,1,1,0,1,0, 
810,0,1,1,1,-3847,1,1,0,0,0,0,1,1,1,1,1,0,0,1, 
811,0,1,1,1,-3848,1,1,0,0,0,0,1,1,1,1,1,0,0,0, 
812,0,1,1,1,-3832,1,1,0,0,0,1,0,0,0,0,1,0,0,0, 
813,0,1,1,1,-3725,1,1,0,0,0,1,0,1,1,1,0,0,1,1, 
814,0,1,1,1,-3522,1,1,0,0,1,0,0,0,1,1,1,1,1,0, 
815,0,1,1,1,-3286,1,1,0,0,1,1,0,0,1,0,1,0,1,0, 
816,0,1,1,1,-3091,1,1,0,0,1,1,1,1,1,0,1,1,0,1, 
817,0,1,1,1,-2983,1,1,0,1,0,0,0,1,0,1,1,0,0,1, 
818,0,1,1,1,-2975,1,1,0,1,0,0,0,1,1,0,0,0,0,1, 
819,0,1,1,1,-3043,1,1,0,1,0,0,0,0,0,1,1,1,0,1, 
820,0,1,1,1,-3167,1,1,0,0,1,1,1,0,1,0,0,0,0,1, 
821,0,1,1,1,-3322,1,1,0,0,1,1,0,0,0,0,0,1,1,0, 
822,0,1,1,1,-3494,1,1,0,0,1,0,0,1,0,1,1,0,1,0, 
823,0,1,1,1,-3679,1,1,0,0,0,1,1,0,1,0,0,0,0,1, 
824,0,1,1,1,-3864,1,1,0,0,0,0,1,1,1,0,1,0,0,0, 
825,0,1,1,1,-4047,1,1,0,0,0,0,0,0,1,1,0,0,0,1, 
826,0,1,1,1,-4219,1,0,1,1,1,1,1,0,0,0,0,1,0,1, 
827,0,1,1,1,-4384,1,0,1,1,1,0,1,1,1,0,0,0,0,0, 
828,0,1,1,1,-4537,1,0,1,1,1,0,0,1,0,0,0,1,1,1, 
829,0,1,1,1,-4676,1,0,1,1,0,1,1,0,1,1,1,1,0,0, 
830,0,1,1,1,-4807,1,0,1,1,0,1,0,0,1,1,1,0,0,1, 
831,0,1,1,1,-4928,1,0,1,1,0,0,1,1,0,0,0,0,0,0, 
832,0,1,1,1,-5044,1,0,1,1,0,0,0,1,0,0,1,1,0,0, 
833,0,1,1,1,-5142,1,0,1,0,1,1,1,1,1,0,1,0,1,0, 
834,0,1,1,1,-5233,1,0,1,0,1,1,1,0,0,0,1,1,1,1, 
835,0,1,1,1,-5312,1,0,1,0,1,1,0,1,0,0,0,0,0,0, 
836,0,1,1,1,-5382,1,0,1,0,1,0,1,1,1,1,1,0,1,0, 
837,0,1,1,1,-5447,1,0,1,0,1,0,1,0,1,1,1,0,0,1, 
838,0,1,1,1,-5502,1,0,1,0,1,0,1,0,0,0,0,0,1,0, 
839,0,1,1,1,-5558,1,0,1,0,1,0,0,1,0,0,1,0,1,0, 
840,0,1,1,1,-5606,1,0,1,0,1,0,0,0,0,1,1,0,1,0, 
841,0,1,1,1,-5645,1,0,1,0,0,1,1,1,1,1,0,0,1,1, 
842,0,1,1,1,-5684,1,0,1,0,0,1,1,1,0,0,1,1,0,0, 
843,0,1,1,1,-5718,1,0,1,0,0,1,1,0,1,0,1,0,1,0, 
844,0,1,1,1,-5749,1,0,1,0,0,1,1,0,0,0,1,0,1,1, 
845,0,1,1,1,-5777,1,0,1,0,0,1,0,1,1,0,1,1,1,1, 
846,0,1,1,1,-5806,1,0,1,0,0,1,0,1,0,1,0,0,1,0, 
847,0,1,1,1,-5829,1,0,1,0,0,1,0,0,1,1,1,0,1,1, 
848,0,1,1,1,-5852,1,0,1,0,0,1,0,0,1,0,0,1,0,0, 
849,0,1,1,1,-5872,1,0,1,0,0,1,0,0,0,1,0,0,0,0, 
850,0,1,1,1,-5888,1,0,1,0,0,1,0,0,0,0,0,0,0,0, 
851,0,1,1,1,-5902,1,0,1,0,0,0,1,1,1,1,0,0,1,0, 
852,0,1,1,1,-5913,1,0,1,0,0,0,1,1,1,0,0,1,1,1, 
853,0,1,1,1,-5926,1,0,1,0,0,0,1,1,0,1,1,0,1,0, 
854,0,1,1,1,-5935,1,0,1,0,0,0,1,1,0,1,0,0,0,1, 
855,0,1,1,1,-5947,1,0,1,0,0,0,1,1,0,0,0,1,0,1, 
856,0,1,1,1,-5957,1,0,1,0,0,0,1,0,1,1,1,0,1,1, 
857,0,1,1,1,-5966,1,0,1,0,0,0,1,0,1,1,0,0,1,0, 
858,0,1,1,1,-5975,1,0,1,0,0,0,1,0,1,0,1,0,0,1, 
859,0,1,1,1,-5983,1,0,1,0,0,0,1,0,1,0,0,0,0,1, 
860,0,1,1,1,-5986,1,0,1,0,0,0,1,0,0,1,1,1,1,0, 
861,0,1,1,1,-5988,1,0,1,0,0,0,1,0,0,1,1,1,0,0, 
862,0,1,1,1,-5989,1,0,1,0,0,0,1,0,0,1,1,0,1,1, 
863,0,1,1,1,-5993,1,0,1,0,0,0,1,0,0,1,0,1,1,1, 
864,0,1,1,1,-5997,1,0,1,0,0,0,1,0,0,1,0,0,1,1, 
865,0,1,1,1,-5999,1,0,1,0,0,0,1,0,0,1,0,0,0,1, 
866,0,1,1,1,-6003,1,0,1,0,0,0,1,0,0,0,1,1,0,1, 
867,0,1,1,1,-6005,1,0,1,0,0,0,1,0,0,0,1,0,1,1, 
868,0,1,1,1,-6005,1,0,1,0,0,0,1,0,0,0,1,0,1,1, 
869,0,1,1,1,-6005,1,0,1,0,0,0,1,0,0,0,1,0,1,1, 
870,0,1,1,1,-6007,1,0,1,0,0,0,1,0,0,0,1,0,0,1, 
871,0,1,1,1,-6009,1,0,1,0,0,0,1,0,0,0,0,1,1,1, 
872,0,1,1,1,-6014,1,0,1,0,0,0,1,0,0,0,0,0,1,0, 
873,0,1,1,1,-6017,1,0,1,0,0,0,0,1,1,1,1,1,1,1, 
874,0,1,1,1,-6016,1,0,1,0,0,0,1,0,0,0,0,0,0,0, 
875,0,1,1,1,-6022,1,0,1,0,0,0,0,1,1,1,1,0,1,0, 
876,0,1,1,1,-6022,1,0,1,0,0,0,0,1,1,1,1,0,1,0, 
877,0,1,1,1,-6021,1,0,1,0,0,0,0,1,1,1,1,0,1,1, 
878,0,1,1,1,-6021,1,0,1,0,0,0,0,1,1,1,1,0,1,1, 
879,0,1,1,1,-6020,1,0,1,0,0,0,0,1,1,1,1,1,0,0, 
880,0,1,1,1,-6023,1,0,1,0,0,0,0,1,1,1,1,0,0,1, 
881,0,1,1,1,-6023,1,0,1,0,0,0,0,1,1,1,1,0,0,1, 
882,0,1,1,1,-6024,1,0,1,0,0,0,0,1,1,1,1,0,0,0, 
883,0,1,1,1,-6028,1,0,1,0,0,0,0,1,1,1,0,1,0,0, 
884,0,1,1,1,-6030,1,0,1,0,0,0,0,1,1,1,0,0,1,0, 
885,0,1,1,1,-6033,1,0,1,0,0,0,0,1,1,0,1,1,1,1, 
886,0,1,1,1,-6036,1,0,1,0,0,0,0,1,1,0,1,1,0,0, 
887,0,1,1,1,-6036,1,0,1,0,0,0,0,1,1,0,1,1,0,0, 
888,0,1,1,1,-6037,1,0,1,0,0,0,0,1,1,0,1,0,1,1, 
889,0,1,1,1,-6036,1,0,1,0,0,0,0,1,1,0,1,1,0,0, 
890,0,1,1,1,-6039,1,0,1,0,0,0,0,1,1,0,1,0,0,1, 
891,0,1,1,1,-6040,1,0,1,0,0,0,0,1,1,0,1,0,0,0, 
892,0,1,1,1,-6040,1,0,1,0,0,0,0,1,1,0,1,0,0,0, 
893,0,1,1,1,-6041,1,0,1,0,0,0,0,1,1,0,0,1,1,1, 
894,0,1,1,1,-6042,1,0,1,0,0,0,0,1,1,0,0,1,1,0, 
895,0,1,1,1,-6040,1,0,1,0,0,0,0,1,1,0,1,0,0,0, 
896,0,1,1,1,-6041,1,0,1,0,0,0,0,1,1,0,0,1,1,1, 
897,0,1,1,1,-6040,1,0,1,0,0,0,0,1,1,0,1,0,0,0, 
898,0,1,1,1,-6042,1,0,1,0,0,0,0,1,1,0,0,1,1,0, 
899,0,1,1,1,-6039,1,0,1,0,0,0,0,1,1,0,1,0,0,1, 
900,0,1,1,1,-6041,1,0,1,0,0,0,0,1,1,0,0,1,1,1, 
901,0,1,1,1,-6036,1,0,1,0,0,0,0,1,1,0,1,1,0,0, 
902,0,1,1,1,-6035,1,0,1,0,0,0,0,1,1,0,1,1,0,1, 
903,0,1,1,1,-6036,1,0,1,0,0,0,0,1,1,0,1,1,0,0, 
904,0,1,1,1,-6036,1,0,1,0,0,0,0,1,1,0,1,1,0,0, 
905,0,1,1,1,-6034,1,0,1,0,0,0,0,1,1,0,1,1,1,0, 
906,0,1,1,1,-6034,1,0,1,0,0,0,0,1,1,0,1,1,1,0, 
907,0,1,1,1,-6033,1,0,1,0,0,0,0,1,1,0,1,1,1,1, 
908,0,1,1,1,-6037,1,0,1,0,0,0,0,1,1,0,1,0,1,1, 
909,0,1,1,1,-6042,1,0,1,0,0,0,0,1,1,0,0,1,1,0, 
910,0,1,1,1,-6044,1,0,1,0,0,0,0,1,1,0,0,1,0,0, 
911,0,1,1,1,-6046,1,0,1,0,0,0,0,1,1,0,0,0,1,0, 
912,0,1,1,1,-6023,1,0,1,0,0,0,0,1,1,1,1,0,0,1, 
913,0,1,1,1,-5883,1,0,1,0,0,1,0,0,0,0,0,1,0,1, 
914,0,1,1,1,-5586,1,0,1,0,1,0,0,0,1,0,1,1,1,0, 
915,0,1,1,1,-5189,1,0,1,0,1,1,1,0,1,1,1,0,1,1, 
916,0,1,1,1,-4774,1,0,1,1,0,1,0,1,0,1,1,0,1,0, 
917,0,1,1,1,-4410,1,0,1,1,1,0,1,1,0,0,0,1,1,0, 
918,0,1,1,1,-4133,1,0,1,1,1,1,1,1,0,1,1,0,1,1, 
919,0,1,1,1,-3930,1,1,0,0,0,0,1,0,1,0,0,1,1,0, 
920,0,1,1,1,-3792,1,1,0,0,0,1,0,0,1,1,0,0,0,0, 
921,0,1,1,1,-3697,1,1,0,0,0,1,1,0,0,0,1,1,1,1, 
922,0,1,1,1,-3634,1,1,0,0,0,1,1,1,0,0,1,1,1,0, 
923,0,1,1,1,-3599,1,1,0,0,0,1,1,1,1,1,0,0,0,1, 
924,0,1,1,1,-3582,1,1,0,0,1,0,0,0,0,0,0,0,1,0, 
925,0,1,1,1,-3576,1,1,0,0,1,0,0,0,0,0,1,0,0,0, 
926,0,1,1,1,-3578,1,1,0,0,1,0,0,0,0,0,0,1,1,0, 
927,0,1,1,1,-3584,1,1,0,0,1,0,0,0,0,0,0,0,0,0, 
928,0,1,1,1,-3599,1,1,0,0,0,1,1,1,1,1,0,0,0,1, 
929,0,1,1,1,-3613,1,1,0,0,0,1,1,1,1,0,0,0,1,1, 
930,0,1,1,1,-3629,1,1,0,0,0,1,1,1,0,1,0,0,1,1, 
931,0,1,1,1,-3647,1,1,0,0,0,1,1,1,0,0,0,0,0,1, 
932,0,1,1,1,-3664,1,1,0,0,0,1,1,0,1,1,0,0,0,0, 
933,0,1,1,1,-3679,1,1,0,0,0,1,1,0,1,0,0,0,0,1, 
934,0,1,1,1,-3689,1,1,0,0,0,1,1,0,0,1,0,1,1,1, 
935,0,1,1,1,-3701,1,1,0,0,0,1,1,0,0,0,1,0,1,1, 
936,0,1,1,1,-3711,1,1,0,0,0,1,1,0,0,0,0,0,0,1, 
937,0,1,1,1,-3721,1,1,0,0,0,1,0,1,1,1,0,1,1,1, 
938,0,1,1,1,-3729,1,1,0,0,0,1,0,1,1,0,1,1,1,1, 
939,0,1,1,1,-3740,1,1,0,0,0,1,0,1,1,0,0,1,0,0, 
940,0,1,1,1,-3750,1,1,0,0,0,1,0,1,0,1,1,0,1,0, 
941,0,1,1,1,-3760,1,1,0,0,0,1,0,1,0,1,0,0,0,0, 
942,0,1,1,1,-3766,1,1,0,0,0,1,0,1,0,0,1,0,1,0, 
943,0,1,1,1,-3770,1,1,0,0,0,1,0,1,0,0,0,1,1,0, 
944,0,1,1,1,-3776,1,1,0,0,0,1,0,1,0,0,0,0,0,0, 
945,0,1,1,1,-3783,1,1,0,0,0,1,0,0,1,1,1,0,0,1, 
946,0,1,1,1,-3789,1,1,0,0,0,1,0,0,1,1,0,0,1,1, 
947,0,1,1,1,-3793,1,1,0,0,0,1,0,0,1,0,1,1,1,1, 
948,0,1,1,1,-3799,1,1,0,0,0,1,0,0,1,0,1,0,0,1, 
949,0,1,1,1,-3802,1,1,0,0,0,1,0,0,1,0,0,1,1,0, 
950,0,1,1,1,-3808,1,1,0,0,0,1,0,0,1,0,0,0,0,0, 
951,0,1,1,1,-3808,1,1,0,0,0,1,0,0,1,0,0,0,0,0, 
952,0,1,1,1,-3813,1,1,0,0,0,1,0,0,0,1,1,0,1,1, 
953,0,1,1,1,-3812,1,1,0,0,0,1,0,0,0,1,1,1,0,0, 
954,0,1,1,1,-3814,1,1,0,0,0,1,0,0,0,1,1,0,1,0, 
955,0,1,1,1,-3817,1,1,0,0,0,1,0,0,0,1,0,1,1,1, 
956,0,1,1,1,-3819,1,1,0,0,0,1,0,0,0,1,0,1,0,1, 
957,0,1,1,1,-3821,1,1,0,0,0,1,0,0,0,1,0,0,1,1, 
958,0,1,1,1,-3824,1,1,0,0,0,1,0,0,0,1,0,0,0,0, 
959,0,1,1,1,-3824,1,1,0,0,0,1,0,0,0,1,0,0,0,0, 
960,0,1,1,1,-3825,1,1,0,0,0,1,0,0,0,0,1,1,1,1, 
961,0,1,1,1,-3821,1,1,0,0,0,1,0,0,0,1,0,0,1,1, 
962,0,1,1,1,-3823,1,1,0,0,0,1,0,0,0,1,0,0,0,1, 
963,0,1,1,1,-3823,1,1,0,0,0,1,0,0,0,1,0,0,0,1, 
964,0,1,1,1,-3824,1,1,0,0,0,1,0,0,0,1,0,0,0,0, 
965,0,1,1,1,-3827,1,1,0,0,0,1,0,0,0,0,1,1,0,1, 
966,0,1,1,1,-3830,1,1,0,0,0,1,0,0,0,0,1,0,1,0, 
967,0,1,1,1,-3829,1,1,0,0,0,1,0,0,0,0,1,0,1,1, 
968,0,1,1,1,-3830,1,1,0,0,0,1,0,0,0,0,1,0,1,0, 
969,0,1,1,1,-3826,1,1,0,0,0,1,0,0,0,0,1,1,1,0, 
970,0,1,1,1,-3827,1,1,0,0,0,1,0,0,0,0,1,1,0,1, 
971,0,1,1,1,-3823,1,1,0,0,0,1,0,0,0,1,0,0,0,1, 
972,0,1,1,1,-3824,1,1,0,0,0,1,0,0,0,1,0,0,0,0, 
973,0,1,1,1,-3824,1,1,0,0,0,1,0,0,0,1,0,0,0,0, 
974,0,1,1,1,-3822,1,1,0,0,0,1,0,0,0,1,0,0,1,0, 
975,0,1,1,1,-3823,1,1,0,0,0,1,0,0,0,1,0,0,0,1, 
976,0,1,1,1,-3820,1,1,0,0,0,1,0,0,0,1,0,1,0,0, 
977,0,1,1,1,-3821,1,1,0,0,0,1,0,0,0,1,0,0,1,1, 
978,0,1,1,1,-3817,1,1,0,0,0,1,0,0,0,1,0,1,1,1, 
979,0,1,1,1,-3813,1,1,0,0,0,1,0,0,0,1,1,0,1,1, 
980,0,1,1,1,-3814,1,1,0,0,0,1,0,0,0,1,1,0,1,0, 
981,0,1,1,1,-3815,1,1,0,0,0,1,0,0,0,1,1,0,0,1, 
982,0,1,1,1,-3817,1,1,0,0,0,1,0,0,0,1,0,1,1,1, 
983,0,1,1,1,-3819,1,1,0,0,0,1,0,0,0,1,0,1,0,1, 
984,0,1,1,1,-3826,1,1,0,0,0,1,0,0,0,0,1,1,1,0, 
985,0,1,1,1,-3822,1,1,0,0,0,1,0,0,0,1,0,0,1,0, 
986,0,1,1,1,-3820,1,1,0,0,0,1,0,0,0,1,0,1,0,0, 
987,0,1,1,1,-3822,1,1,0,0,0,1,0,0,0,1,0,0,1,0, 
988,0,1,1,1,-3822,1,1,0,0,0,1,0,0,0,1,0,0,1,0, 
989,0,1,1,1,-3825,1,1,0,0,0,1,0,0,0,0,1,1,1,1, 
990,0,1,1,1,-3829,1,1,0,0,0,1,0,0,0,0,1,0,1,1, 
991,0,1,1,1,-3828,1,1,0,0,0,1,0,0,0,0,1,1,0,0, 
992,0,1,1,1,-3829,1,1,0,0,0,1,0,0,0,0,1,0,1,1, 
993,0,1,1,1,-3830,1,1,0,0,0,1,0,0,0,0,1,0,1,0, 
994,0,1,1,1,-3834,1,1,0,0,0,1,0,0,0,0,0,1,1,0, 
995,0,1,1,1,-3835,1,1,0,0,0,1,0,0,0,0,0,1,0,1, 
996,0,1,1,1,-3838,1,1,0,0,0,1,0,0,0,0,0,0,1,0, 
997,0,1,1,1,-3838,1,1,0,0,0,1,0,0,0,0,0,0,1,0, 
998,0,1,1,1,-3840,1,1,0,0,0,1,0,0,0,0,0,0,0,0, 
999,0,1,1,1,-3838,1,1,0,0,0,1,0,0,0,0,0,0,1,0, 
1000,0,1,1,1,-3837,1,1,0,0,0,1,0,0,0,0,0,0,1,1, 
1001,0,1,1,1,-3835,1,1,0,0,0,1,0,0,0,0,0,1,0,1, 
1002,0,1,1,1,-3841,1,1,0,0,0,0,1,1,1,1,1,1,1,1, 
1003,0,1,1,1,-3839,1,1,0,0,0,1,0,0,0,0,0,0,0,1, 
1004,0,1,1,1,-3840,1,1,0,0,0,1,0,0,0,0,0,0,0,0, 
1005,0,1,1,1,-3838,1,1,0,0,0,1,0,0,0,0,0,0,1,0, 
1006,0,1,1,1,-3837,1,1,0,0,0,1,0,0,0,0,0,0,1,1, 
1007,0,1,1,1,-3838,1,1,0,0,0,1,0,0,0,0,0,0,1,0, 
1008,0,1,1,1,-3839,1,1,0,0,0,1,0,0,0,0,0,0,0,1, 
1009,0,1,1,1,-3840,1,1,0,0,0,1,0,0,0,0,0,0,0,0, 
1010,0,1,1,1,-3843,1,1,0,0,0,0,1,1,1,1,1,1,0,1, 
1011,0,1,1,1,-3843,1,1,0,0,0,0,1,1,1,1,1,1,0,1, 
1012,0,1,1,1,-3828,1,1,0,0,0,1,0,0,0,0,1,1,0,0, 
1013,0,1,1,1,-3718,1,1,0,0,0,1,0,1,1,1,1,0,1,0, 
1014,0,1,1,1,-3511,1,1,0,0,1,0,0,1,0,0,1,0,0,1, 
1015,0,1,1,1,-3273,1,1,0,0,1,1,0,0,1,1,0,1,1,1, 
1016,0,1,1,1,-3073,1,1,0,0,1,1,1,1,1,1,1,1,1,1, 
1017,0,1,1,1,-2962,1,1,0,1,0,0,0,1,1,0,1,1,1,0, 
1018,0,1,1,1,-2949,1,1,0,1,0,0,0,1,1,1,1,0,1,1, 
1019,0,1,1,1,-3017,1,1,0,1,0,0,0,0,1,1,0,1,1,1, 
1020,0,1,1,1,-3142,1,1,0,0,1,1,1,0,1,1,1,0,1,0, 
1021,0,1,1,1,-3300,1,1,0,0,1,1,0,0,0,1,1,1,0,0, 
1022,0,1,1,1,-3478,1,1,0,0,1,0,0,1,1,0,1,0,1,0, 
1023,0,1,1,1,-3663,1,1,0,0,0,1,1,0,1,1,0,0,0,1, 
1024,0,1,1,1,-3852,1,1,0,0,0,0,1,1,1,1,0,1,0,0, 
1025,0,1,1,1,-4037,1,1,0,0,0,0,0,0,1,1,1,0,1,1, 
1026,0,1,1,1,-4209,1,0,1,1,1,1,1,0,0,0,1,1,1,1, 
1027,0,1,1,1,-4369,1,0,1,1,1,0,1,1,1,0,1,1,1,1, 
1028,0,1,1,1,-4519,1,0,1,1,1,0,0,1,0,1,1,0,0,1, 
1029,0,1,1,1,-4663,1,0,1,1,0,1,1,1,0,0,1,0,0,1, 
1030,0,1,1,1,-4794,1,0,1,1,0,1,0,1,0,0,0,1,1,0, 
1031,0,1,1,1,-4914,1,0,1,1,0,0,1,1,0,0,1,1,1,0, 
1032,0,1,1,1,-5026,1,0,1,1,0,0,0,1,0,1,1,1,1,0, 
1033,0,1,1,1,-5130,1,0,1,0,1,1,1,1,1,1,0,1,1,0, 
1034,0,1,1,1,-5220,1,0,1,0,1,1,1,0,0,1,1,1,0,0, 
1035,0,1,1,1,-5305,1,0,1,0,1,1,0,1,0,0,0,1,1,1, 
1036,0,1,1,1,-5378,1,0,1,0,1,0,1,1,1,1,1,1,1,0, 
1037,0,1,1,1,-5445,1,0,1,0,1,0,1,0,1,1,1,0,1,1, 
1038,0,1,1,1,-5505,1,0,1,0,1,0,0,1,1,1,1,1,1,1, 
1039,0,1,1,1,-5561,1,0,1,0,1,0,0,1,0,0,0,1,1,1, 
1040,0,1,1,1,-5611,1,0,1,0,1,0,0,0,0,1,0,1,0,1, 
1041,0,1,1,1,-5657,1,0,1,0,0,1,1,1,1,0,0,1,1,1, 
1042,0,1,1,1,-5700,1,0,1,0,0,1,1,0,1,1,1,1,0,0, 
1043,0,1,1,1,-5737,1,0,1,0,0,1,1,0,0,1,0,1,1,1, 
1044,0,1,1,1,-5767,1,0,1,0,0,1,0,1,1,1,1,0,0,1, 
1045,0,1,1,1,-5795,1,0,1,0,0,1,0,1,0,1,1,1,0,1, 
1046,0,1,1,1,-5823,1,0,1,0,0,1,0,1,0,0,0,0,0,1, 
1047,0,1,1,1,-5845,1,0,1,0,0,1,0,0,1,0,1,0,1,1, 
1048,0,1,1,1,-5865,1,0,1,0,0,1,0,0,0,1,0,1,1,1, 
1049,0,1,1,1,-5887,1,0,1,0,0,1,0,0,0,0,0,0,0,1, 
1050,0,1,1,1,-5903,1,0,1,0,0,0,1,1,1,1,0,0,0,1, 
1051,0,1,1,1,-5920,1,0,1,0,0,0,1,1,1,0,0,0,0,0, 
1052,0,1,1,1,-5931,1,0,1,0,0,0,1,1,0,1,0,1,0,1, 
1053,0,1,1,1,-5943,1,0,1,0,0,0,1,1,0,0,1,0,0,1, 
1054,0,1,1,1,-5949,1,0,1,0,0,0,1,1,0,0,0,0,1,1, 
1055,0,1,1,1,-5958,1,0,1,0,0,0,1,0,1,1,1,0,1,0, 
1056,0,1,1,1,-5965,1,0,1,0,0,0,1,0,1,1,0,0,1,1, 
1057,0,1,1,1,-5975,1,0,1,0,0,0,1,0,1,0,1,0,0,1, 
1058,0,1,1,1,-5986,1,0,1,0,0,0,1,0,0,1,1,1,1,0, 
1059,0,1,1,1,-5989,1,0,1,0,0,0,1,0,0,1,1,0,1,1, 
1060,0,1,1,1,-5994,1,0,1,0,0,0,1,0,0,1,0,1,1,0, 
1061,0,1,1,1,-5994,1,0,1,0,0,0,1,0,0,1,0,1,1,0, 
1062,0,1,1,1,-5996,1,0,1,0,0,0,1,0,0,1,0,1,0,0, 
1063,0,1,1,1,-6004,1,0,1,0,0,0,1,0,0,0,1,1,0,0, 
1064,0,1,1,1,-6008,1,0,1,0,0,0,1,0,0,0,1,0,0,0, 
1065,0,1,1,1,-6009,1,0,1,0,0,0,1,0,0,0,0,1,1,1, 
1066,0,1,1,1,-6012,1,0,1,0,0,0,1,0,0,0,0,1,0,0, 
1067,0,1,1,1,-6016,1,0,1,0,0,0,1,0,0,0,0,0,0,0, 
1068,0,1,1,1,-6014,1,0,1,0,0,0,1,0,0,0,0,0,1,0, 
1069,0,1,1,1,-6020,1,0,1,0,0,0,0,1,1,1,1,1,0,0, 
1070,0,1,1,1,-6018,1,0,1,0,0,0,0,1,1,1,1,1,1,0, 
1071,0,1,1,1,-6021,1,0,1,0,0,0,0,1,1,1,1,0,1,1, 
1072,0,1,1,1,-6023,1,0,1,0,0,0,0,1,1,1,1,0,0,1, 
1073,0,1,1,1,-6025,1,0,1,0,0,0,0,1,1,1,0,1,1,1, 
1074,0,1,1,1,-6028,1,0,1,0,0,0,0,1,1,1,0,1,0,0, 
1075,0,1,1,1,-6032,1,0,1,0,0,0,0,1,1,1,0,0,0,0, 
1076,0,1,1,1,-6031,1,0,1,0,0,0,0,1,1,1,0,0,0,1, 
1077,0,1,1,1,-6029,1,0,1,0,0,0,0,1,1,1,0,0,1,1, 
1078,0,1,1,1,-6030,1,0,1,0,0,0,0,1,1,1,0,0,1,0, 
1079,0,1,1,1,-6033,1,0,1,0,0,0,0,1,1,0,1,1,1,1, 
1080,0,1,1,1,-6035,1,0,1,0,0,0,0,1,1,0,1,1,0,1, 
1081,0,1,1,1,-6036,1,0,1,0,0,0,0,1,1,0,1,1,0,0, 
1082,0,1,1,1,-6039,1,0,1,0,0,0,0,1,1,0,1,0,0,1, 
1083,0,1,1,1,-6038,1,0,1,0,0,0,0,1,1,0,1,0,1,0, 
1084,0,1,1,1,-6037,1,0,1,0,0,0,0,1,1,0,1,0,1,1, 
1085,0,1,1,1,-6039,1,0,1,0,0,0,0,1,1,0,1,0,0,1, 
1086,0,1,1,1,-6036,1,0,1,0,0,0,0,1,1,0,1,1,0,0, 
1087,0,1,1,1,-6034,1,0,1,0,0,0,0,1,1,0,1,1,1,0, 
1088,0,1,1,1,-6030,1,0,1,0,0,0,0,1,1,1,0,0,1,0, 
1089,0,1,1,1,-6034,1,0,1,0,0,0,0,1,1,0,1,1,1,0, 
1090,0,1,1,1,-6031,1,0,1,0,0,0,0,1,1,1,0,0,0,1, 
1091,0,1,1,1,-6032,1,0,1,0,0,0,0,1,1,1,0,0,0,0, 
1092,0,1,1,1,-6035,1,0,1,0,0,0,0,1,1,0,1,1,0,1, 
1093,0,1,1,1,-6034,1,0,1,0,0,0,0,1,1,0,1,1,1,0, 
1094,0,1,1,1,-6033,1,0,1,0,0,0,0,1,1,0,1,1,1,1, 
1095,0,1,1,1,-6035,1,0,1,0,0,0,0,1,1,0,1,1,0,1, 
1096,0,1,1,1,-6036,1,0,1,0,0,0,0,1,1,0,1,1,0,0, 
1097,0,1,1,1,-6032,1,0,1,0,0,0,0,1,1,1,0,0,0,0, 
1098,0,1,1,1,-6036,1,0,1,0,0,0,0,1,1,0,1,1,0,0, 
1099,0,1,1,1,-6037,1,0,1,0,0,0,0,1,1,0,1,0,1,1, 
1100,0,1,1,1,-6039,1,0,1,0,0,0,0,1,1,0,1,0,0,1, 
1101,0,1,1,1,-6044,1,0,1,0,0,0,0,1,1,0,0,1,0,0, 
1102,0,1,1,1,-6046,1,0,1,0,0,0,0,1,1,0,0,0,1,0, 
1103,0,1,1,1,-6047,1,0,1,0,0,0,0,1,1,0,0,0,0,1, 
1104,0,1,1,1,-6048,1,0,1,0,0,0,0,1,1,0,0,0,0,0, 
1105,0,1,1,1,-6050,1,0,1,0,0,0,0,1,0,1,1,1,1,0, 
1106,0,1,1,1,-6047,1,0,1,0,0,0,0,1,1,0,0,0,0,1, 
1107,0,1,1,1,-6052,1,0,1,0,0,0,0,1,0,1,1,1,0,0, 
1108,0,1,1,1,-6050,1,0,1,0,0,0,0,1,0,1,1,1,1,0, 
1109,0,1,1,1,-6051,1,0,1,0,0,0,0,1,0,1,1,1,0,1, 
1110,0,1,1,1,-6050,1,0,1,0,0,0,0,1,0,1,1,1,1,0, 
1111,0,1,1,1,-6049,1,0,1,0,0,0,0,1,0,1,1,1,1,1, 
1112,0,1,1,1,-6028,1,0,1,0,0,0,0,1,1,1,0,1,0,0, 
1113,0,1,1,1,-5888,1,0,1,0,0,1,0,0,0,0,0,0,0,0, 
1114,0,1,1,1,-5591,1,0,1,0,1,0,0,0,1,0,1,0,0,1, 
1115,0,1,1,1,-5194,1,0,1,0,1,1,1,0,1,1,0,1,1,0, 
1116,0,1,1,1,-4780,1,0,1,1,0,1,0,1,0,1,0,1,0,0, 
1117,0,1,1,1,-4423,1,0,1,1,1,0,1,0,1,1,1,0,0,1, 
1118,0,1,1,1,-4142,1,0,1,1,1,1,1,1,0,1,0,0,1,0, 
1119,0,1,1,1,-3944,1,1,0,0,0,0,1,0,0,1,1,0,0,0, 
1120,0,1,1,1,-3804,1,1,0,0,0,1,0,0,1,0,0,1,0,0, 
1121,0,1,1,1,-3706,1,1,0,0,0,1,1,0,0,0,0,1,1,0, 
1122,0,1,1,1,-3639,1,1,0,0,0,1,1,1,0,0,1,0,0,1, 
1123,0,1,1,1,-3601,1,1,0,0,0,1,1,1,1,0,1,1,1,1, 
1124,0,1,1,1,-3581,1,1,0,0,1,0,0,0,0,0,0,0,1,1, 
1125,0,1,1,1,-3580,1,1,0,0,1,0,0,0,0,0,0,1,0,0, 
1126,0,1,1,1,-3580,1,1,0,0,1,0,0,0,0,0,0,1,0,0, 
1127,0,1,1,1,-3589,1,1,0,0,0,1,1,1,1,1,1,0,1,1, 
1128,0,1,1,1,-3599,1,1,0,0,0,1,1,1,1,1,0,0,0,1, 
1129,0,1,1,1,-3614,1,1,0,0,0,1,1,1,1,0,0,0,1,0, 
1130,0,1,1,1,-3630,1,1,0,0,0,1,1,1,0,1,0,0,1,0, 
1131,0,1,1,1,-3648,1,1,0,0,0,1,1,1,0,0,0,0,0,0, 
1132,0,1,1,1,-3668,1,1,0,0,0,1,1,0,1,0,1,1,0,0, 
1133,0,1,1,1,-3682,1,1,0,0,0,1,1,0,0,1,1,1,1,0, 
1134,0,1,1,1,-3698,1,1,0,0,0,1,1,0,0,0,1,1,1,0, 
1135,0,1,1,1,-3707,1,1,0,0,0,1,1,0,0,0,0,1,0,1, 
1136,0,1,1,1,-3720,1,1,0,0,0,1,0,1,1,1,1,0,0,0, 
1137,0,1,1,1,-3733,1,1,0,0,0,1,0,1,1,0,1,0,1,1, 
1138,0,1,1,1,-3744,1,1,0,0,0,1,0,1,1,0,0,0,0,0, 
1139,0,1,1,1,-3755,1,1,0,0,0,1,0,1,0,1,0,1,0,1, 
1140,0,1,1,1,-3769,1,1,0,0,0,1,0,1,0,0,0,1,1,1, 
1141,0,1,1,1,-3777,1,1,0,0,0,1,0,0,1,1,1,1,1,1, 
1142,0,1,1,1,-3785,1,1,0,0,0,1,0,0,1,1,0,1,1,1, 
1143,0,1,1,1,-3795,1,1,0,0,0,1,0,0,1,0,1,1,0,1, 
1144,0,1,1,1,-3800,1,1,0,0,0,1,0,0,1,0,1,0,0,0, 
1145,0,1,1,1,-3805,1,1,0,0,0,1,0,0,1,0,0,0,1,1, 
1146,0,1,1,1,-3811,1,1,0,0,0,1,0,0,0,1,1,1,0,1, 
1147,0,1,1,1,-3817,1,1,0,0,0,1,0,0,0,1,0,1,1,1, 
1148,0,1,1,1,-3821,1,1,0,0,0,1,0,0,0,1,0,0,1,1, 
1149,0,1,1,1,-3821,1,1,0,0,0,1,0,0,0,1,0,0,1,1, 
1150,0,1,1,1,-3821,1,1,0,0,0,1,0,0,0,1,0,0,1,1, 
1151,0,1,1,1,-3819,1,1,0,0,0,1,0,0,0,1,0,1,0,1, 
1152,0,1,1,1,-3819,1,1,0,0,0,1,0,0,0,1,0,1,0,1, 
1153,0,1,1,1,-3820,1,1,0,0,0,1,0,0,0,1,0,1,0,0, 
1154,0,1,1,1,-3827,1,1,0,0,0,1,0,0,0,0,1,1,0,1, 
1155,0,1,1,1,-3826,1,1,0,0,0,1,0,0,0,0,1,1,1,0, 
1156,0,1,1,1,-3830,1,1,0,0,0,1,0,0,0,0,1,0,1,0, 
1157,0,1,1,1,-3830,1,1,0,0,0,1,0,0,0,0,1,0,1,0, 
1158,0,1,1,1,-3833,1,1,0,0,0,1,0,0,0,0,0,1,1,1, 
1159,0,1,1,1,-3833,1,1,0,0,0,1,0,0,0,0,0,1,1,1, 
1160,0,1,1,1,-3830,1,1,0,0,0,1,0,0,0,0,1,0,1,0, 
1161,0,1,1,1,-3830,1,1,0,0,0,1,0,0,0,0,1,0,1,0, 
1162,0,1,1,1,-3829,1,1,0,0,0,1,0,0,0,0,1,0,1,1, 
1163,0,1,1,1,-3830,1,1,0,0,0,1,0,0,0,0,1,0,1,0, 
1164,0,1,1,1,-3832,1,1,0,0,0,1,0,0,0,0,1,0,0,0, 
1165,0,1,1,1,-3834,1,1,0,0,0,1,0,0,0,0,0,1,1,0, 
1166,0,1,1,1,-3835,1,1,0,0,0,1,0,0,0,0,0,1,0,1, 
1167,0,1,1,1,-3836,1,1,0,0,0,1,0,0,0,0,0,1,0,0, 
1168,0,1,1,1,-3835,1,1,0,0,0,1,0,0,0,0,0,1,0,1, 
1169,0,1,1,1,-3836,1,1,0,0,0,1,0,0,0,0,0,1,0,0, 
1170,0,1,1,1,-3834,1,1,0,0,0,1,0,0,0,0,0,1,1,0, 
1171,0,1,1,1,-3832,1,1,0,0,0,1,0,0,0,0,1,0,0,0, 
1172,0,1,1,1,-3832,1,1,0,0,0,1,0,0,0,0,1,0,0,0, 
1173,0,1,1,1,-3829,1,1,0,0,0,1,0,0,0,0,1,0,1,1, 
1174,0,1,1,1,-3830,1,1,0,0,0,1,0,0,0,0,1,0,1,0, 
1175,0,1,1,1,-3829,1,1,0,0,0,1,0,0,0,0,1,0,1,1, 
1176,0,1,1,1,-3830,1,1,0,0,0,1,0,0,0,0,1,0,1,0, 
1177,0,1,1,1,-3830,1,1,0,0,0,1,0,0,0,0,1,0,1,0, 
1178,0,1,1,1,-3828,1,1,0,0,0,1,0,0,0,0,1,1,0,0, 
1179,0,1,1,1,-3825,1,1,0,0,0,1,0,0,0,0,1,1,1,1, 
1180,0,1,1,1,-3822,1,1,0,0,0,1,0,0,0,1,0,0,1,0, 
1181,0,1,1,1,-3826,1,1,0,0,0,1,0,0,0,0,1,1,1,0, 
1182,0,1,1,1,-3829,1,1,0,0,0,1,0,0,0,0,1,0,1,1, 
1183,0,1,1,1,-3833,1,1,0,0,0,1,0,0,0,0,0,1,1,1, 
1184,0,1,1,1,-3833,1,1,0,0,0,1,0,0,0,0,0,1,1,1, 
1185,0,1,1,1,-3836,1,1,0,0,0,1,0,0,0,0,0,1,0,0, 
1186,0,1,1,1,-3836,1,1,0,0,0,1,0,0,0,0,0,1,0,0, 
1187,0,1,1,1,-3837,1,1,0,0,0,1,0,0,0,0,0,0,1,1, 
1188,0,1,1,1,-3839,1,1,0,0,0,1,0,0,0,0,0,0,0,1, 
1189,0,1,1,1,-3843,1,1,0,0,0,0,1,1,1,1,1,1,0,1, 
1190,0,1,1,1,-3840,1,1,0,0,0,1,0,0,0,0,0,0,0,0, 
1191,0,1,1,1,-3840,1,1,0,0,0,1,0,0,0,0,0,0,0,0, 
1192,0,1,1,1,-3838,1,1,0,0,0,1,0,0,0,0,0,0,1,0, 
1193,0,1,1,1,-3836,1,1,0,0,0,1,0,0,0,0,0,1,0,0, 
1194,0,1,1,1,-3836,1,1,0,0,0,1,0,0,0,0,0,1,0,0, 
1195,0,1,1,1,-3833,1,1,0,0,0,1,0,0,0,0,0,1,1,1, 
1196,0,1,1,1,-3833,1,1,0,0,0,1,0,0,0,0,0,1,1,1, 
1197,0,1,1,1,-3835,1,1,0,0,0,1,0,0,0,0,0,1,0,1, 
1198,0,1,1,1,-3834,1,1,0,0,0,1,0,0,0,0,0,1,1,0, 
1199,0,1,1,1,-3833,1,1,0,0,0,1,0,0,0,0,0,1,1,1, 
1200,0,1,1,1,-3831,1,1,0,0,0,1,0,0,0,0,1,0,0,1, 
1201,0,1,1,1,-3826,1,1,0,0,0,1,0,0,0,0,1,1,1,0, 
1202,0,1,1,1,-3823,1,1,0,0,0,1,0,0,0,1,0,0,0,1, 
1203,0,1,1,1,-3819,1,1,0,0,0,1,0,0,0,1,0,1,0,1, 
1204,0,1,1,1,-3817,1,1,0,0,0,1,0,0,0,1,0,1,1,1, 
1205,0,1,1,1,-3818,1,1,0,0,0,1,0,0,0,1,0,1,1,0, 
1206,0,1,1,1,-3816,1,1,0,0,0,1,0,0,0,1,1,0,0,0, 
1207,0,1,1,1,-3818,1,1,0,0,0,1,0,0,0,1,0,1,1,0, 
1208,0,1,1,1,-3821,1,1,0,0,0,1,0,0,0,1,0,0,1,1, 
1209,0,1,1,1,-3829,1,1,0,0,0,1,0,0,0,0,1,0,1,1, 
1210,0,1,1,1,-3839,1,1,0,0,0,1,0,0,0,0,0,0,0,1, 
1211,0,1,1,1,-3842,1,1,0,0,0,0,1,1,1,1,1,1,1,0, 
1212,0,1,1,1,-3824,1,1,0,0,0,1,0,0,0,1,0,0,0,0, 
1213,0,1,1,1,-3719,1,1,0,0,0,1,0,1,1,1,1,0,0,1, 
1214,0,1,1,1,-3509,1,1,0,0,1,0,0,1,0,0,1,0,1,1, 
1215,0,1,1,1,-3267,1,1,0,0,1,1,0,0,1,1,1,1,0,1, 
1216,0,1,1,1,-3067,1,1,0,1,0,0,0,0,0,0,0,1,0,1, 
1217,0,1,1,1,-2954,1,1,0,1,0,0,0,1,1,1,0,1,1,0, 
1218,0,1,1,1,-2944,1,1,0,1,0,0,1,0,0,0,0,0,0,0, 
1219,0,1,1,1,-3010,1,1,0,1,0,0,0,0,1,1,1,1,1,0, 
1220,0,1,1,1,-3134,1,1,0,0,1,1,1,1,0,0,0,0,1,0, 
1221,0,1,1,1,-3290,1,1,0,0,1,1,0,0,1,0,0,1,1,0, 
1222,0,1,1,1,-3469,1,1,0,0,1,0,0,1,1,1,0,0,1,1, 
1223,0,1,1,1,-3658,1,1,0,0,0,1,1,0,1,1,0,1,1,0, 
1224,0,1,1,1,-3846,1,1,0,0,0,0,1,1,1,1,1,0,1,0, 
1225,0,1,1,1,-4035,1,1,0,0,0,0,0,0,1,1,1,1,0,1, 
1226,0,1,1,1,-4212,1,0,1,1,1,1,1,0,0,0,1,1,0,0, 
1227,0,1,1,1,-4379,1,0,1,1,1,0,1,1,1,0,0,1,0,1, 
1228,0,1,1,1,-4530,1,0,1,1,1,0,0,1,0,0,1,1,1,0, 
1229,0,1,1,1,-4674,1,0,1,1,0,1,1,0,1,1,1,1,1,0, 
1230,0,1,1,1,-4807,1,0,1,1,0,1,0,0,1,1,1,0,0,1, 
1231,0,1,1,1,-4933,1,0,1,1,0,0,1,0,1,1,1,0,1,1, 
1232,0,1,1,1,-5049,1,0,1,1,0,0,0,1,0,0,0,1,1,1, 
1233,0,1,1,1,-5146,1,0,1,0,1,1,1,1,1,0,0,1,1,0, 
1234,0,1,1,1,-5237,1,0,1,0,1,1,1,0,0,0,1,0,1,1, 
1235,0,1,1,1,-5315,1,0,1,0,1,1,0,0,1,1,1,1,0,1, 
1236,0,1,1,1,-5387,1,0,1,0,1,0,1,1,1,1,0,1,0,1, 
1237,0,1,1,1,-5448,1,0,1,0,1,0,1,0,1,1,1,0,0,0, 
1238,0,1,1,1,-5507,1,0,1,0,1,0,0,1,1,1,1,1,0,1, 
1239,0,1,1,1,-5560,1,0,1,0,1,0,0,1,0,0,1,0,0,0, 
1240,0,1,1,1,-5609,1,0,1,0,1,0,0,0,0,1,0,1,1,1, 
1241,0,1,1,1,-5653,1,0,1,0,0,1,1,1,1,0,1,0,1,1, 
1242,0,1,1,1,-5690,1,0,1,0,0,1,1,1,0,0,0,1,1,0, 
1243,0,1,1,1,-5731,1,0,1,0,0,1,1,0,0,1,1,1,0,1, 
1244,0,1,1,1,-5760,1,0,1,0,0,1,1,0,0,0,0,0,0,0, 
1245,0,1,1,1,-5791,1,0,1,0,0,1,0,1,1,0,0,0,0,1, 
1246,0,1,1,1,-5820,1,0,1,0,0,1,0,1,0,0,0,1,0,0, 
1247,0,1,1,1,-5845,1,0,1,0,0,1,0,0,1,0,1,0,1,1, 
1248,0,1,1,1,-5868,1,0,1,0,0,1,0,0,0,1,0,1,0,0, 
1249,0,1,1,1,-5889,1,0,1,0,0,0,1,1,1,1,1,1,1,1, 
1250,0,1,1,1,-5904,1,0,1,0,0,0,1,1,1,1,0,0,0,0, 
1251,0,1,1,1,-5919,1,0,1,0,0,0,1,1,1,0,0,0,0,1, 
1252,0,1,1,1,-5932,1,0,1,0,0,0,1,1,0,1,0,1,0,0, 
1253,0,1,1,1,-5945,1,0,1,0,0,0,1,1,0,0,0,1,1,1, 
1254,0,1,1,1,-5957,1,0,1,0,0,0,1,0,1,1,1,0,1,1, 
1255,0,1,1,1,-5967,1,0,1,0,0,0,1,0,1,1,0,0,0,1, 
1256,0,1,1,1,-5975,1,0,1,0,0,0,1,0,1,0,1,0,0,1, 
1257,0,1,1,1,-5984,1,0,1,0,0,0,1,0,1,0,0,0,0,0, 
1258,0,1,1,1,-5988,1,0,1,0,0,0,1,0,0,1,1,1,0,0, 
1259,0,1,1,1,-5993,1,0,1,0,0,0,1,0,0,1,0,1,1,1, 
1260,0,1,1,1,-5997,1,0,1,0,0,0,1,0,0,1,0,0,1,1, 
1261,0,1,1,1,-6001,1,0,1,0,0,0,1,0,0,0,1,1,1,1, 
1262,0,1,1,1,-6005,1,0,1,0,0,0,1,0,0,0,1,0,1,1, 
1263,0,1,1,1,-6008,1,0,1,0,0,0,1,0,0,0,1,0,0,0, 
1264,0,1,1,1,-6009,1,0,1,0,0,0,1,0,0,0,0,1,1,1, 
1265,0,1,1,1,-6010,1,0,1,0,0,0,1,0,0,0,0,1,1,0, 
1266,0,1,1,1,-6017,1,0,1,0,0,0,0,1,1,1,1,1,1,1, 
1267,0,1,1,1,-6018,1,0,1,0,0,0,0,1,1,1,1,1,1,0, 
1268,0,1,1,1,-6020,1,0,1,0,0,0,0,1,1,1,1,1,0,0, 
1269,0,1,1,1,-6019,1,0,1,0,0,0,0,1,1,1,1,1,0,1, 
1270,0,1,1,1,-6023,1,0,1,0,0,0,0,1,1,1,1,0,0,1, 
1271,0,1,1,1,-6022,1,0,1,0,0,0,0,1,1,1,1,0,1,0, 
1272,0,1,1,1,-6025,1,0,1,0,0,0,0,1,1,1,0,1,1,1, 
1273,0,1,1,1,-6027,1,0,1,0,0,0,0,1,1,1,0,1,0,1, 
1274,0,1,1,1,-6030,1,0,1,0,0,0,0,1,1,1,0,0,1,0, 
1275,0,1,1,1,-6034,1,0,1,0,0,0,0,1,1,0,1,1,1,0, 
1276,0,1,1,1,-6040,1,0,1,0,0,0,0,1,1,0,1,0,0,0, 
1277,0,1,1,1,-6043,1,0,1,0,0,0,0,1,1,0,0,1,0,1, 
1278,0,1,1,1,-6046,1,0,1,0,0,0,0,1,1,0,0,0,1,0, 
1279,0,1,1,1,-6048,1,0,1,0,0,0,0,1,1,0,0,0,0,0, 
1280,0,1,1,1,-6054,1,0,1,0,0,0,0,1,0,1,1,0,1,0, 
1281,0,1,1,1,-6058,1,0,1,0,0,0,0,1,0,1,0,1,1,0, 
1282,0,1,1,1,-6062,1,0,1,0,0,0,0,1,0,1,0,0,1,0, 
1283,0,1,1,1,-6067,1,0,1,0,0,0,0,1,0,0,1,1,0,1, 
1284,0,1,1,1,-6071,1,0,1,0,0,0,0,1,0,0,1,0,0,1, 
1285,0,1,1,1,-6071,1,0,1,0,0,0,0,1,0,0,1,0,0,1, 
1286,0,1,1,1,-6068,1,0,1,0,0,0,0,1,0,0,1,1,0,0, 
1287,0,1,1,1,-6066,1,0,1,0,0,0,0,1,0,0,1,1,1,0, 
1288,0,1,1,1,-6064,1,0,1,0,0,0,0,1,0,1,0,0,0,0, 
1289,0,1,1,1,-6060,1,0,1,0,0,0,0,1,0,1,0,1,0,0, 
1290,0,1,1,1,-6060,1,0,1,0,0,0,0,1,0,1,0,1,0,0, 
1291,0,1,1,1,-6056,1,0,1,0,0,0,0,1,0,1,1,0,0,0, 
1292,0,1,1,1,-6054,1,0,1,0,0,0,0,1,0,1,1,0,1,0, 
1293,0,1,1,1,-6055,1,0,1,0,0,0,0,1,0,1,1,0,0,1, 
1294,0,1,1,1,-6055,1,0,1,0,0,0,0,1,0,1,1,0,0,1, 
1295,0,1,1,1,-6053,1,0,1,0,0,0,0,1,0,1,1,0,1,1, 
1296,0,1,1,1,-6055,1,0,1,0,0,0,0,1,0,1,1,0,0,1, 
1297,0,1,1,1,-6057,1,0,1,0,0,0,0,1,0,1,0,1,1,1, 
1298,0,1,1,1,-6052,1,0,1,0,0,0,0,1,0,1,1,1,0,0, 
1299,0,1,1,1,-6058,1,0,1,0,0,0,0,1,0,1,0,1,1,0, 
1300,0,1,1,1,-6058,1,0,1,0,0,0,0,1,0,1,0,1,1,0, 
1301,0,1,1,1,-6057,1,0,1,0,0,0,0,1,0,1,0,1,1,1, 
1302,0,1,1,1,-6058,1,0,1,0,0,0,0,1,0,1,0,1,1,0, 
1303,0,1,1,1,-6053,1,0,1,0,0,0,0,1,0,1,1,0,1,1, 
1304,0,1,1,1,-6051,1,0,1,0,0,0,0,1,0,1,1,1,0,1, 
1305,0,1,1,1,-6050,1,0,1,0,0,0,0,1,0,1,1,1,1,0, 
1306,0,1,1,1,-6051,1,0,1,0,0,0,0,1,0,1,1,1,0,1, 
1307,0,1,1,1,-6049,1,0,1,0,0,0,0,1,0,1,1,1,1,1, 
1308,0,1,1,1,-6052,1,0,1,0,0,0,0,1,0,1,1,1,0,0, 
1309,0,1,1,1,-6054,1,0,1,0,0,0,0,1,0,1,1,0,1,0, 
1310,0,1,1,1,-6054,1,0,1,0,0,0,0,1,0,1,1,0,1,0, 
1311,0,1,1,1,-6053,1,0,1,0,0,0,0,1,0,1,1,0,1,1, 
1312,0,1,1,1,-6033,1,0,1,0,0,0,0,1,1,0,1,1,1,1, 
1313,0,1,1,1,-5895,1,0,1,0,0,0,1,1,1,1,1,0,0,1, 
1314,0,1,1,1,-5600,1,0,1,0,1,0,0,0,1,0,0,0,0,0, 
1315,0,1,1,1,-5204,1,0,1,0,1,1,1,0,1,0,1,1,0,0, 
1316,0,1,1,1,-4794,1,0,1,1,0,1,0,1,0,0,0,1,1,0, 
1317,0,1,1,1,-4434,1,0,1,1,1,0,1,0,1,0,1,1,1,0, 
1318,0,1,1,1,-4158,1,0,1,1,1,1,1,1,0,0,0,0,1,0, 
1319,0,1,1,1,-3963,1,1,0,0,0,0,1,0,0,0,0,1,0,1, 
1320,0,1,1,1,-3827,1,1,0,0,0,1,0,0,0,0,1,1,0,1, 
1321,0,1,1,1,-3728,1,1,0,0,0,1,0,1,1,1,0,0,0,0, 
1322,0,1,1,1,-3664,1,1,0,0,0,1,1,0,1,1,0,0,0,0, 
1323,0,1,1,1,-3624,1,1,0,0,0,1,1,1,0,1,1,0,0,0, 
1324,0,1,1,1,-3603,1,1,0,0,0,1,1,1,1,0,1,1,0,1, 
1325,0,1,1,1,-3595,1,1,0,0,0,1,1,1,1,1,0,1,0,1, 
1326,0,1,1,1,-3595,1,1,0,0,0,1,1,1,1,1,0,1,0,1, 
1327,0,1,1,1,-3602,1,1,0,0,0,1,1,1,1,0,1,1,1,0, 
1328,0,1,1,1,-3612,1,1,0,0,0,1,1,1,1,0,0,1,0,0, 
1329,0,1,1,1,-3623,1,1,0,0,0,1,1,1,0,1,1,0,0,1, 
1330,0,1,1,1,-3638,1,1,0,0,0,1,1,1,0,0,1,0,1,0, 
1331,0,1,1,1,-3657,1,1,0,0,0,1,1,0,1,1,0,1,1,1, 
1332,0,1,1,1,-3670,1,1,0,0,0,1,1,0,1,0,1,0,1,0, 
1333,0,1,1,1,-3681,1,1,0,0,0,1,1,0,0,1,1,1,1,1, 
1334,0,1,1,1,-3695,1,1,0,0,0,1,1,0,0,1,0,0,0,1, 
1335,0,1,1,1,-3705,1,1,0,0,0,1,1,0,0,0,0,1,1,1, 
1336,0,1,1,1,-3715,1,1,0,0,0,1,0,1,1,1,1,1,0,1, 
1337,0,1,1,1,-3724,1,1,0,0,0,1,0,1,1,1,0,1,0,0, 
1338,0,1,1,1,-3735,1,1,0,0,0,1,0,1,1,0,1,0,0,1, 
1339,0,1,1,1,-3749,1,1,0,0,0,1,0,1,0,1,1,0,1,1, 
1340,0,1,1,1,-3756,1,1,0,0,0,1,0,1,0,1,0,1,0,0, 
1341,0,1,1,1,-3762,1,1,0,0,0,1,0,1,0,0,1,1,1,0, 
1342,0,1,1,1,-3770,1,1,0,0,0,1,0,1,0,0,0,1,1,0, 
1343,0,1,1,1,-3775,1,1,0,0,0,1,0,1,0,0,0,0,0,1, 
1344,0,1,1,1,-3781,1,1,0,0,0,1,0,0,1,1,1,0,1,1, 
1345,0,1,1,1,-3785,1,1,0,0,0,1,0,0,1,1,0,1,1,1, 
1346,0,1,1,1,-3791,1,1,0,0,0,1,0,0,1,1,0,0,0,1, 
1347,0,1,1,1,-3798,1,1,0,0,0,1,0,0,1,0,1,0,1,0, 
1348,0,1,1,1,-3806,1,1,0,0,0,1,0,0,1,0,0,0,1,0, 
1349,0,1,1,1,-3809,1,1,0,0,0,1,0,0,0,1,1,1,1,1, 
1350,0,1,1,1,-3813,1,1,0,0,0,1,0,0,0,1,1,0,1,1, 
1351,0,1,1,1,-3816,1,1,0,0,0,1,0,0,0,1,1,0,0,0, 
1352,0,1,1,1,-3818,1,1,0,0,0,1,0,0,0,1,0,1,1,0, 
1353,0,1,1,1,-3820,1,1,0,0,0,1,0,0,0,1,0,1,0,0, 
1354,0,1,1,1,-3823,1,1,0,0,0,1,0,0,0,1,0,0,0,1, 
1355,0,1,1,1,-3828,1,1,0,0,0,1,0,0,0,0,1,1,0,0, 
1356,0,1,1,1,-3829,1,1,0,0,0,1,0,0,0,0,1,0,1,1, 
1357,0,1,1,1,-3828,1,1,0,0,0,1,0,0,0,0,1,1,0,0, 
1358,0,1,1,1,-3834,1,1,0,0,0,1,0,0,0,0,0,1,1,0, 
1359,0,1,1,1,-3836,1,1,0,0,0,1,0,0,0,0,0,1,0,0, 
1360,0,1,1,1,-3834,1,1,0,0,0,1,0,0,0,0,0,1,1,0, 
1361,0,1,1,1,-3828,1,1,0,0,0,1,0,0,0,0,1,1,0,0, 
1362,0,1,1,1,-3830,1,1,0,0,0,1,0,0,0,0,1,0,1,0, 
1363,0,1,1,1,-3829,1,1,0,0,0,1,0,0,0,0,1,0,1,1, 
1364,0,1,1,1,-3832,1,1,0,0,0,1,0,0,0,0,1,0,0,0, 
1365,0,1,1,1,-3841,1,1,0,0,0,0,1,1,1,1,1,1,1,1, 
1366,0,1,1,1,-3848,1,1,0,0,0,0,1,1,1,1,1,0,0,0, 
1367,0,1,1,1,-3854,1,1,0,0,0,0,1,1,1,1,0,0,1,0, 
1368,0,1,1,1,-3857,1,1,0,0,0,0,1,1,1,0,1,1,1,1, 
1369,0,1,1,1,-3857,1,1,0,0,0,0,1,1,1,0,1,1,1,1, 
1370,0,1,1,1,-3853,1,1,0,0,0,0,1,1,1,1,0,0,1,1, 
1371,0,1,1,1,-3851,1,1,0,0,0,0,1,1,1,1,0,1,0,1, 
1372,0,1,1,1,-3851,1,1,0,0,0,0,1,1,1,1,0,1,0,1, 
1373,0,1,1,1,-3852,1,1,0,0,0,0,1,1,1,1,0,1,0,0, 
1374,0,1,1,1,-3849,1,1,0,0,0,0,1,1,1,1,0,1,1,1, 
1375,0,1,1,1,-3850,1,1,0,0,0,0,1,1,1,1,0,1,1,0, 
1376,0,1,1,1,-3847,1,1,0,0,0,0,1,1,1,1,1,0,0,1, 
1377,0,1,1,1,-3847,1,1,0,0,0,0,1,1,1,1,1,0,0,1, 
1378,0,1,1,1,-3847,1,1,0,0,0,0,1,1,1,1,1,0,0,1, 
1379,0,1,1,1,-3847,1,1,0,0,0,0,1,1,1,1,1,0,0,1, 
1380,0,1,1,1,-3847,1,1,0,0,0,0,1,1,1,1,1,0,0,1, 
1381,0,1,1,1,-3843,1,1,0,0,0,0,1,1,1,1,1,1,0,1, 
1382,0,1,1,1,-3844,1,1,0,0,0,0,1,1,1,1,1,1,0,0, 
1383,0,1,1,1,-3844,1,1,0,0,0,0,1,1,1,1,1,1,0,0, 
1384,0,1,1,1,-3845,1,1,0,0,0,0,1,1,1,1,1,0,1,1, 
1385,0,1,1,1,-3843,1,1,0,0,0,0,1,1,1,1,1,1,0,1, 
1386,0,1,1,1,-3839,1,1,0,0,0,1,0,0,0,0,0,0,0,1, 
1387,0,1,1,1,-3841,1,1,0,0,0,0,1,1,1,1,1,1,1,1, 
1388,0,1,1,1,-3839,1,1,0,0,0,1,0,0,0,0,0,0,0,1, 
1389,0,1,1,1,-3838,1,1,0,0,0,1,0,0,0,0,0,0,1,0, 
1390,0,1,1,1,-3838,1,1,0,0,0,1,0,0,0,0,0,0,1,0, 
1391,0,1,1,1,-3836,1,1,0,0,0,1,0,0,0,0,0,1,0,0, 
1392,0,1,1,1,-3838,1,1,0,0,0,1,0,0,0,0,0,0,1,0, 
1393,0,1,1,1,-3832,1,1,0,0,0,1,0,0,0,0,1,0,0,0, 
1394,0,1,1,1,-3831,1,1,0,0,0,1,0,0,0,0,1,0,0,1, 
1395,0,1,1,1,-3827,1,1,0,0,0,1,0,0,0,0,1,1,0,1, 
1396,0,1,1,1,-3826,1,1,0,0,0,1,0,0,0,0,1,1,1,0, 
1397,0,1,1,1,-3827,1,1,0,0,0,1,0,0,0,0,1,1,0,1, 
1398,0,1,1,1,-3831,1,1,0,0,0,1,0,0,0,0,1,0,0,1, 
1399,0,1,1,1,-3833,1,1,0,0,0,1,0,0,0,0,0,1,1,1, 
1400,0,1,1,1,-3833,1,1,0,0,0,1,0,0,0,0,0,1,1,1, 
1401,0,1,1,1,-3838,1,1,0,0,0,1,0,0,0,0,0,0,1,0, 
1402,0,1,1,1,-3840,1,1,0,0,0,1,0,0,0,0,0,0,0,0, 
1403,0,1,1,1,-3841,1,1,0,0,0,0,1,1,1,1,1,1,1,1, 
1404,0,1,1,1,-3843,1,1,0,0,0,0,1,1,1,1,1,1,0,1, 
1405,0,1,1,1,-3842,1,1,0,0,0,0,1,1,1,1,1,1,1,0, 
1406,0,1,1,1,-3842,1,1,0,0,0,0,1,1,1,1,1,1,1,0, 
1407,0,1,1,1,-3842,1,1,0,0,0,0,1,1,1,1,1,1,1,0, 
1408,0,1,1,1,-3839,1,1,0,0,0,1,0,0,0,0,0,0,0,1, 
1409,0,1,1,1,-3837,1,1,0,0,0,1,0,0,0,0,0,0,1,1, 
1410,0,1,1,1,-3836,1,1,0,0,0,1,0,0,0,0,0,1,0,0, 
1411,0,1,1,1,-3837,1,1,0,0,0,1,0,0,0,0,0,0,1,1, 
1412,0,1,1,1,-3817,1,1,0,0,0,1,0,0,0,1,0,1,1,1, 
1413,0,1,1,1,-3713,1,1,0,0,0,1,0,1,1,1,1,1,1,1, 
1414,0,1,1,1,-3505,1,1,0,0,1,0,0,1,0,0,1,1,1,1, 
1415,0,1,1,1,-3270,1,1,0,0,1,1,0,0,1,1,1,0,1,0, 
1416,0,1,1,1,-3072,1,1,0,1,0,0,0,0,0,0,0,0,0,0, 
1417,0,1,1,1,-2964,1,1,0,1,0,0,0,1,1,0,1,1,0,0, 
1418,0,1,1,1,-2957,1,1,0,1,0,0,0,1,1,1,0,0,1,1, 
1419,0,1,1,1,-3027,1,1,0,1,0,0,0,0,1,0,1,1,0,1, 
1420,0,1,1,1,-3152,1,1,0,0,1,1,1,0,1,1,0,0,0,0, 
1421,0,1,1,1,-3311,1,1,0,0,1,1,0,0,0,1,0,0,0,1, 
1422,0,1,1,1,-3484,1,1,0,0,1,0,0,1,1,0,0,1,0,0, 
1423,0,1,1,1,-3670,1,1,0,0,0,1,1,0,1,0,1,0,1,0, 
1424,0,1,1,1,-3856,1,1,0,0,0,0,1,1,1,1,0,0,0,0, 
1425,0,1,1,1,-4042,1,1,0,0,0,0,0,0,1,1,0,1,1,0, 
1426,0,1,1,1,-4218,1,0,1,1,1,1,1,0,0,0,0,1,1,0, 
1427,0,1,1,1,-4381,1,0,1,1,1,0,1,1,1,0,0,0,1,1, 
1428,0,1,1,1,-4539,1,0,1,1,1,0,0,1,0,0,0,1,0,1, 
1429,0,1,1,1,-4684,1,0,1,1,0,1,1,0,1,1,0,1,0,0, 
1430,0,1,1,1,-4819,1,0,1,1,0,1,0,0,1,0,1,1,0,1, 
1431,0,1,1,1,-4943,1,0,1,1,0,0,1,0,1,1,0,0,0,1, 
1432,0,1,1,1,-5058,1,0,1,1,0,0,0,0,1,1,1,1,1,0, 
1433,0,1,1,1,-5155,1,0,1,0,1,1,1,1,0,1,1,1,0,1, 
1434,0,1,1,1,-5244,1,0,1,0,1,1,1,0,0,0,0,1,0,0, 
1435,0,1,1,1,-5326,1,0,1,0,1,1,0,0,1,1,0,0,1,0, 
1436,0,1,1,1,-5397,1,0,1,0,1,0,1,1,1,0,1,0,1,1, 
1437,0,1,1,1,-5460,1,0,1,0,1,0,1,0,1,0,1,1,0,0, 
1438,0,1,1,1,-5515,1,0,1,0,1,0,0,1,1,1,0,1,0,1, 
1439,0,1,1,1,-5566,1,0,1,0,1,0,0,1,0,0,0,0,1,0, 
1440,0,1,1,1,-5611,1,0,1,0,1,0,0,0,0,1,0,1,0,1, 
1441,0,1,1,1,-5651,1,0,1,0,0,1,1,1,1,0,1,1,0,1, 
1442,0,1,1,1,-5693,1,0,1,0,0,1,1,1,0,0,0,0,1,1, 
1443,0,1,1,1,-5724,1,0,1,0,0,1,1,0,1,0,0,1,0,0, 
1444,0,1,1,1,-5756,1,0,1,0,0,1,1,0,0,0,0,1,0,0, 
1445,0,1,1,1,-5783,1,0,1,0,0,1,0,1,1,0,1,0,0,1, 
1446,0,1,1,1,-5808,1,0,1,0,0,1,0,1,0,1,0,0,0,0, 
1447,0,1,1,1,-5827,1,0,1,0,0,1,0,0,1,1,1,1,0,1, 
1448,0,1,1,1,-5851,1,0,1,0,0,1,0,0,1,0,0,1,0,1, 
1449,0,1,1,1,-5871,1,0,1,0,0,1,0,0,0,1,0,0,0,1, 
1450,0,1,1,1,-5889,1,0,1,0,0,0,1,1,1,1,1,1,1,1, 
1451,0,1,1,1,-5903,1,0,1,0,0,0,1,1,1,1,0,0,0,1, 
1452,0,1,1,1,-5919,1,0,1,0,0,0,1,1,1,0,0,0,0,1, 
1453,0,1,1,1,-5928,1,0,1,0,0,0,1,1,0,1,1,0,0,0, 
1454,0,1,1,1,-5939,1,0,1,0,0,0,1,1,0,0,1,1,0,1, 
1455,0,1,1,1,-5950,1,0,1,0,0,0,1,1,0,0,0,0,1,0, 
1456,0,1,1,1,-5960,1,0,1,0,0,0,1,0,1,1,1,0,0,0, 
1457,0,1,1,1,-5970,1,0,1,0,0,0,1,0,1,0,1,1,1,0, 
1458,0,1,1,1,-5976,1,0,1,0,0,0,1,0,1,0,1,0,0,0, 
1459,0,1,1,1,-5981,1,0,1,0,0,0,1,0,1,0,0,0,1,1, 
1460,0,1,1,1,-5986,1,0,1,0,0,0,1,0,0,1,1,1,1,0, 
1461,0,1,1,1,-5984,1,0,1,0,0,0,1,0,1,0,0,0,0,0, 
1462,0,1,1,1,-5988,1,0,1,0,0,0,1,0,0,1,1,1,0,0, 
1463,0,1,1,1,-5992,1,0,1,0,0,0,1,0,0,1,1,0,0,0, 
1464,0,1,1,1,-5995,1,0,1,0,0,0,1,0,0,1,0,1,0,1, 
1465,0,1,1,1,-6001,1,0,1,0,0,0,1,0,0,0,1,1,1,1, 
1466,0,1,1,1,-6004,1,0,1,0,0,0,1,0,0,0,1,1,0,0, 
1467,0,1,1,1,-6012,1,0,1,0,0,0,1,0,0,0,0,1,0,0, 
1468,0,1,1,1,-6014,1,0,1,0,0,0,1,0,0,0,0,0,1,0, 
1469,0,1,1,1,-6016,1,0,1,0,0,0,1,0,0,0,0,0,0,0, 
1470,0,1,1,1,-6020,1,0,1,0,0,0,0,1,1,1,1,1,0,0, 
1471,0,1,1,1,-6021,1,0,1,0,0,0,0,1,1,1,1,0,1,1, 
1472,0,1,1,1,-6028,1,0,1,0,0,0,0,1,1,1,0,1,0,0, 
1473,0,1,1,1,-6029,1,0,1,0,0,0,0,1,1,1,0,0,1,1, 
1474,0,1,1,1,-6033,1,0,1,0,0,0,0,1,1,0,1,1,1,1, 
1475,0,1,1,1,-6034,1,0,1,0,0,0,0,1,1,0,1,1,1,0, 
1476,0,1,1,1,-6036,1,0,1,0,0,0,0,1,1,0,1,1,0,0, 
1477,0,1,1,1,-6038,1,0,1,0,0,0,0,1,1,0,1,0,1,0, 
1478,0,1,1,1,-6036,1,0,1,0,0,0,0,1,1,0,1,1,0,0, 
1479,0,1,1,1,-6038,1,0,1,0,0,0,0,1,1,0,1,0,1,0, 
1480,0,1,1,1,-6041,1,0,1,0,0,0,0,1,1,0,0,1,1,1, 
1481,0,1,1,1,-6042,1,0,1,0,0,0,0,1,1,0,0,1,1,0, 
1482,0,1,1,1,-6043,1,0,1,0,0,0,0,1,1,0,0,1,0,1, 
1483,0,1,1,1,-6045,1,0,1,0,0,0,0,1,1,0,0,0,1,1, 
1484,0,1,1,1,-6050,1,0,1,0,0,0,0,1,0,1,1,1,1,0, 
1485,0,1,1,1,-6051,1,0,1,0,0,0,0,1,0,1,1,1,0,1, 
1486,0,1,1,1,-6052,1,0,1,0,0,0,0,1,0,1,1,1,0,0, 
1487,0,1,1,1,-6052,1,0,1,0,0,0,0,1,0,1,1,1,0,0, 
1488,0,1,1,1,-6053,1,0,1,0,0,0,0,1,0,1,1,0,1,1, 
1489,0,1,1,1,-6052,1,0,1,0,0,0,0,1,0,1,1,1,0,0, 
1490,0,1,1,1,-6054,1,0,1,0,0,0,0,1,0,1,1,0,1,0, 
1491,0,1,1,1,-6056,1,0,1,0,0,0,0,1,0,1,1,0,0,0, 
1492,0,1,1,1,-6053,1,0,1,0,0,0,0,1,0,1,1,0,1,1, 
1493,0,1,1,1,-6053,1,0,1,0,0,0,0,1,0,1,1,0,1,1, 
1494,0,1,1,1,-6050,1,0,1,0,0,0,0,1,0,1,1,1,1,0, 
1495,0,1,1,1,-6052,1,0,1,0,0,0,0,1,0,1,1,1,0,0, 
1496,0,1,1,1,-6052,1,0,1,0,0,0,0,1,0,1,1,1,0,0, 
1497,0,1,1,1,-6052,1,0,1,0,0,0,0,1,0,1,1,1,0,0, 
1498,0,1,1,1,-6049,1,0,1,0,0,0,0,1,0,1,1,1,1,1, 
1499,0,1,1,1,-6047,1,0,1,0,0,0,0,1,1,0,0,0,0,1, 
1500,0,1,1,1,-6045,1,0,1,0,0,0,0,1,1,0,0,0,1,1, 
1501,0,1,1,1,-6044,1,0,1,0,0,0,0,1,1,0,0,1,0,0, 
1502,0,1,1,1,-6044,1,0,1,0,0,0,0,1,1,0,0,1,0,0, 
1503,0,1,1,1,-6042,1,0,1,0,0,0,0,1,1,0,0,1,1,0, 
1504,0,1,1,1,-6045,1,0,1,0,0,0,0,1,1,0,0,0,1,1, 
1505,0,1,1,1,-6042,1,0,1,0,0,0,0,1,1,0,0,1,1,0, 
1506,0,1,1,1,-6041,1,0,1,0,0,0,0,1,1,0,0,1,1,1, 
1507,0,1,1,1,-6042,1,0,1,0,0,0,0,1,1,0,0,1,1,0, 
1508,0,1,1,1,-6043,1,0,1,0,0,0,0,1,1,0,0,1,0,1, 
1509,0,1,1,1,-6043,1,0,1,0,0,0,0,1,1,0,0,1,0,1, 
1510,0,1,1,1,-6043,1,0,1,0,0,0,0,1,1,0,0,1,0,1, 
1511,0,1,1,1,-6045,1,0,1,0,0,0,0,1,1,0,0,0,1,1, 
1512,0,1,1,1,-6025,1,0,1,0,0,0,0,1,1,1,0,1,1,1, 
1513,0,1,1,1,-5892,1,0,1,0,0,0,1,1,1,1,1,1,0,0, 
1514,0,1,1,1,-5597,1,0,1,0,1,0,0,0,1,0,0,0,1,1, 
1515,0,1,1,1,-5206,1,0,1,0,1,1,1,0,1,0,1,0,1,0, 
1516,0,1,1,1,-4795,1,0,1,1,0,1,0,1,0,0,0,1,0,1, 
1517,0,1,1,1,-4442,1,0,1,1,1,0,1,0,1,0,0,1,1,0, 
1518,0,1,1,1,-4161,1,0,1,1,1,1,1,0,1,1,1,1,1,1, 
1519,0,1,1,1,-3963,1,1,0,0,0,0,1,0,0,0,0,1,0,1, 
1520,0,1,1,1,-3825,1,1,0,0,0,1,0,0,0,0,1,1,1,1, 
1521,0,1,1,1,-3732,1,1,0,0,0,1,0,1,1,0,1,1,0,0, 
1522,0,1,1,1,-3669,1,1,0,0,0,1,1,0,1,0,1,0,1,1, 
1523,0,1,1,1,-3629,1,1,0,0,0,1,1,1,0,1,0,0,1,1, 
1524,0,1,1,1,-3611,1,1,0,0,0,1,1,1,1,0,0,1,0,1, 
1525,0,1,1,1,-3605,1,1,0,0,0,1,1,1,1,0,1,0,1,1, 
1526,0,1,1,1,-3607,1,1,0,0,0,1,1,1,1,0,1,0,0,1, 
1527,0,1,1,1,-3614,1,1,0,0,0,1,1,1,1,0,0,0,1,0, 
1528,0,1,1,1,-3621,1,1,0,0,0,1,1,1,0,1,1,0,1,1, 
1529,0,1,1,1,-3634,1,1,0,0,0,1,1,1,0,0,1,1,1,0, 
1530,0,1,1,1,-3651,1,1,0,0,0,1,1,0,1,1,1,1,0,1, 
1531,0,1,1,1,-3669,1,1,0,0,0,1,1,0,1,0,1,0,1,1, 
1532,0,1,1,1,-3684,1,1,0,0,0,1,1,0,0,1,1,1,0,0, 
1533,0,1,1,1,-3695,1,1,0,0,0,1,1,0,0,1,0,0,0,1, 
1534,0,1,1,1,-3708,1,1,0,0,0,1,1,0,0,0,0,1,0,0, 
1535,0,1,1,1,-3716,1,1,0,0,0,1,0,1,1,1,1,1,0,0, 
1536,0,1,1,1,-3724,1,1,0,0,0,1,0,1,1,1,0,1,0,0, 
1537,0,1,1,1,-3731,1,1,0,0,0,1,0,1,1,0,1,1,0,1, 
1538,0,1,1,1,-3740,1,1,0,0,0,1,0,1,1,0,0,1,0,0, 
1539,0,1,1,1,-3753,1,1,0,0,0,1,0,1,0,1,0,1,1,1, 
1540,0,1,1,1,-3759,1,1,0,0,0,1,0,1,0,1,0,0,0,1, 
1541,0,1,1,1,-3766,1,1,0,0,0,1,0,1,0,0,1,0,1,0, 
1542,0,1,1,1,-3778,1,1,0,0,0,1,0,0,1,1,1,1,1,0, 
1543,0,1,1,1,-3783,1,1,0,0,0,1,0,0,1,1,1,0,0,1, 
1544,0,1,1,1,-3791,1,1,0,0,0,1,0,0,1,1,0,0,0,1, 
1545,0,1,1,1,-3793,1,1,0,0,0,1,0,0,1,0,1,1,1,1, 
1546,0,1,1,1,-3798,1,1,0,0,0,1,0,0,1,0,1,0,1,0, 
1547,0,1,1,1,-3806,1,1,0,0,0,1,0,0,1,0,0,0,1,0, 
1548,0,1,1,1,-3810,1,1,0,0,0,1,0,0,0,1,1,1,1,0, 
1549,0,1,1,1,-3811,1,1,0,0,0,1,0,0,0,1,1,1,0,1, 
1550,0,1,1,1,-3814,1,1,0,0,0,1,0,0,0,1,1,0,1,0, 
1551,0,1,1,1,-3820,1,1,0,0,0,1,0,0,0,1,0,1,0,0, 
1552,0,1,1,1,-3818,1,1,0,0,0,1,0,0,0,1,0,1,1,0, 
1553,0,1,1,1,-3820,1,1,0,0,0,1,0,0,0,1,0,1,0,0, 
1554,0,1,1,1,-3825,1,1,0,0,0,1,0,0,0,0,1,1,1,1, 
1555,0,1,1,1,-3829,1,1,0,0,0,1,0,0,0,0,1,0,1,1, 
1556,0,1,1,1,-3832,1,1,0,0,0,1,0,0,0,0,1,0,0,0, 
1557,0,1,1,1,-3834,1,1,0,0,0,1,0,0,0,0,0,1,1,0, 
1558,0,1,1,1,-3833,1,1,0,0,0,1,0,0,0,0,0,1,1,1, 
1559,0,1,1,1,-3831,1,1,0,0,0,1,0,0,0,0,1,0,0,1, 
1560,0,1,1,1,-3829,1,1,0,0,0,1,0,0,0,0,1,0,1,1, 
1561,0,1,1,1,-3829,1,1,0,0,0,1,0,0,0,0,1,0,1,1, 
1562,0,1,1,1,-3830,1,1,0,0,0,1,0,0,0,0,1,0,1,0, 
1563,0,1,1,1,-3828,1,1,0,0,0,1,0,0,0,0,1,1,0,0, 
1564,0,1,1,1,-3829,1,1,0,0,0,1,0,0,0,0,1,0,1,1, 
1565,0,1,1,1,-3830,1,1,0,0,0,1,0,0,0,0,1,0,1,0, 
1566,0,1,1,1,-3832,1,1,0,0,0,1,0,0,0,0,1,0,0,0, 
1567,0,1,1,1,-3834,1,1,0,0,0,1,0,0,0,0,0,1,1,0, 
1568,0,1,1,1,-3834,1,1,0,0,0,1,0,0,0,0,0,1,1,0, 
1569,0,1,1,1,-3833,1,1,0,0,0,1,0,0,0,0,0,1,1,1, 
1570,0,1,1,1,-3830,1,1,0,0,0,1,0,0,0,0,1,0,1,0, 
1571,0,1,1,1,-3828,1,1,0,0,0,1,0,0,0,0,1,1,0,0, 
1572,0,1,1,1,-3830,1,1,0,0,0,1,0,0,0,0,1,0,1,0, 
1573,0,1,1,1,-3829,1,1,0,0,0,1,0,0,0,0,1,0,1,1, 
1574,0,1,1,1,-3831,1,1,0,0,0,1,0,0,0,0,1,0,0,1, 
1575,0,1,1,1,-3827,1,1,0,0,0,1,0,0,0,0,1,1,0,1, 
1576,0,1,1,1,-3827,1,1,0,0,0,1,0,0,0,0,1,1,0,1, 
1577,0,1,1,1,-3825,1,1,0,0,0,1,0,0,0,0,1,1,1,1, 
1578,0,1,1,1,-3825,1,1,0,0,0,1,0,0,0,0,1,1,1,1, 
1579,0,1,1,1,-3825,1,1,0,0,0,1,0,0,0,0,1,1,1,1, 
1580,0,1,1,1,-3822,1,1,0,0,0,1,0,0,0,1,0,0,1,0, 
1581,0,1,1,1,-3822,1,1,0,0,0,1,0,0,0,1,0,0,1,0, 
1582,0,1,1,1,-3823,1,1,0,0,0,1,0,0,0,1,0,0,0,1, 
1583,0,1,1,1,-3823,1,1,0,0,0,1,0,0,0,1,0,0,0,1, 
1584,0,1,1,1,-3823,1,1,0,0,0,1,0,0,0,1,0,0,0,1, 
1585,0,1,1,1,-3825,1,1,0,0,0,1,0,0,0,0,1,1,1,1, 
1586,0,1,1,1,-3827,1,1,0,0,0,1,0,0,0,0,1,1,0,1, 
1587,0,1,1,1,-3826,1,1,0,0,0,1,0,0,0,0,1,1,1,0, 
1588,0,1,1,1,-3831,1,1,0,0,0,1,0,0,0,0,1,0,0,1, 
1589,0,1,1,1,-3832,1,1,0,0,0,1,0,0,0,0,1,0,0,0, 
1590,0,1,1,1,-3829,1,1,0,0,0,1,0,0,0,0,1,0,1,1, 
1591,0,1,1,1,-3831,1,1,0,0,0,1,0,0,0,0,1,0,0,1, 
1592,0,1,1,1,-3831,1,1,0,0,0,1,0,0,0,0,1,0,0,1, 
1593,0,1,1,1,-3835,1,1,0,0,0,1,0,0,0,0,0,1,0,1, 
1594,0,1,1,1,-3836,1,1,0,0,0,1,0,0,0,0,0,1,0,0, 
1595,0,1,1,1,-3832,1,1,0,0,0,1,0,0,0,0,1,0,0,0, 
1596,0,1,1,1,-3831,1,1,0,0,0,1,0,0,0,0,1,0,0,1, 
1597,0,1,1,1,-3832,1,1,0,0,0,1,0,0,0,0,1,0,0,0, 
1598,0,1,1,1,-3831,1,1,0,0,0,1,0,0,0,0,1,0,0,1, 
1599,0,1,1,1,-3831,1,1,0,0,0,1,0,0,0,0,1,0,0,1, 
1600,0,1,1,1,-3833,1,1,0,0,0,1,0,0,0,0,0,1,1,1, 
1601,0,1,1,1,-3827,1,1,0,0,0,1,0,0,0,0,1,1,0,1, 
1602,0,1,1,1,-3827,1,1,0,0,0,1,0,0,0,0,1,1,0,1, 
1603,0,1,1,1,-3824,1,1,0,0,0,1,0,0,0,1,0,0,0,0, 
1604,0,1,1,1,-3821,1,1,0,0,0,1,0,0,0,1,0,0,1,1, 
1605,0,1,1,1,-3817,1,1,0,0,0,1,0,0,0,1,0,1,1,1, 
1606,0,1,1,1,-3819,1,1,0,0,0,1,0,0,0,1,0,1,0,1, 
1607,0,1,1,1,-3821,1,1,0,0,0,1,0,0,0,1,0,0,1,1, 
1608,0,1,1,1,-3825,1,1,0,0,0,1,0,0,0,0,1,1,1,1, 
1609,0,1,1,1,-3829,1,1,0,0,0,1,0,0,0,0,1,0,1,1, 
1610,0,1,1,1,-3837,1,1,0,0,0,1,0,0,0,0,0,0,1,1, 
1611,0,1,1,1,-3840,1,1,0,0,0,1,0,0,0,0,0,0,0,0, 
1612,0,1,1,1,-3826,1,1,0,0,0,1,0,0,0,0,1,1,1,0, 
1613,0,1,1,1,-3721,1,1,0,0,0,1,0,1,1,1,0,1,1,1, 
1614,0,1,1,1,-3518,1,1,0,0,1,0,0,1,0,0,0,0,1,0, 
1615,0,1,1,1,-3281,1,1,0,0,1,1,0,0,1,0,1,1,1,1, 
1616,0,1,1,1,-3085,1,1,0,0,1,1,1,1,1,1,0,0,1,1, 
1617,0,1,1,1,-2973,1,1,0,1,0,0,0,1,1,0,0,0,1,1, 
1618,0,1,1,1,-2961,1,1,0,1,0,0,0,1,1,0,1,1,1,1, 
1619,0,1,1,1,-3030,1,1,0,1,0,0,0,0,1,0,1,0,1,0, 
1620,0,1,1,1,-3147,1,1,0,0,1,1,1,0,1,1,0,1,0,1, 
1621,0,1,1,1,-3302,1,1,0,0,1,1,0,0,0,1,1,0,1,0, 
1622,0,1,1,1,-3477,1,1,0,0,1,0,0,1,1,0,1,0,1,1, 
1623,0,1,1,1,-3658,1,1,0,0,0,1,1,0,1,1,0,1,1,0, 
1624,0,1,1,1,-3847,1,1,0,0,0,0,1,1,1,1,1,0,0,1, 
1625,0,1,1,1,-4028,1,1,0,0,0,0,0,1,0,0,0,1,0,0, 
1626,0,1,1,1,-4203,1,0,1,1,1,1,1,0,0,1,0,1,0,1, 
1627,0,1,1,1,-4370,1,0,1,1,1,0,1,1,1,0,1,1,1,0, 
1628,0,1,1,1,-4525,1,0,1,1,1,0,0,1,0,1,0,0,1,1, 
1629,0,1,1,1,-4670,1,0,1,1,0,1,1,1,0,0,0,0,1,0, 
1630,0,1,1,1,-4804,1,0,1,1,0,1,0,0,1,1,1,1,0,0, 
1631,0,1,1,1,-4929,1,0,1,1,0,0,1,0,1,1,1,1,1,1, 
1632,0,1,1,1,-5040,1,0,1,1,0,0,0,1,0,1,0,0,0,0, 
1633,0,1,1,1,-5137,1,0,1,0,1,1,1,1,1,0,1,1,1,1, 
1634,0,1,1,1,-5224,1,0,1,0,1,1,1,0,0,1,1,0,0,0, 
1635,0,1,1,1,-5303,1,0,1,0,1,1,0,1,0,0,1,0,0,1, 
1636,0,1,1,1,-5373,1,0,1,0,1,1,0,0,0,0,0,0,1,1, 
1637,0,1,1,1,-5442,1,0,1,0,1,0,1,0,1,1,1,1,1,0, 
1638,0,1,1,1,-5499,1,0,1,0,1,0,1,0,0,0,0,1,0,1, 
1639,0,1,1,1,-5558,1,0,1,0,1,0,0,1,0,0,1,0,1,0, 
1640,0,1,1,1,-5606,1,0,1,0,1,0,0,0,0,1,1,0,1,0, 
1641,0,1,1,1,-5650,1,0,1,0,0,1,1,1,1,0,1,1,1,0, 
1642,0,1,1,1,-5693,1,0,1,0,0,1,1,1,0,0,0,0,1,1, 
1643,0,1,1,1,-5728,1,0,1,0,0,1,1,0,1,0,0,0,0,0, 
1644,0,1,1,1,-5761,1,0,1,0,0,1,0,1,1,1,1,1,1,1, 
1645,0,1,1,1,-5788,1,0,1,0,0,1,0,1,1,0,0,1,0,0, 
1646,0,1,1,1,-5817,1,0,1,0,0,1,0,1,0,0,0,1,1,1, 
1647,0,1,1,1,-5837,1,0,1,0,0,1,0,0,1,1,0,0,1,1, 
1648,0,1,1,1,-5860,1,0,1,0,0,1,0,0,0,1,1,1,0,0, 
1649,0,1,1,1,-5878,1,0,1,0,0,1,0,0,0,0,1,0,1,0, 
1650,0,1,1,1,-5896,1,0,1,0,0,0,1,1,1,1,1,0,0,0, 
1651,0,1,1,1,-5912,1,0,1,0,0,0,1,1,1,0,1,0,0,0, 
1652,0,1,1,1,-5926,1,0,1,0,0,0,1,1,0,1,1,0,1,0, 
1653,0,1,1,1,-5934,1,0,1,0,0,0,1,1,0,1,0,0,1,0, 
1654,0,1,1,1,-5947,1,0,1,0,0,0,1,1,0,0,0,1,0,1, 
1655,0,1,1,1,-5952,1,0,1,0,0,0,1,1,0,0,0,0,0,0, 
1656,0,1,1,1,-5964,1,0,1,0,0,0,1,0,1,1,0,1,0,0, 
1657,0,1,1,1,-5973,1,0,1,0,0,0,1,0,1,0,1,0,1,1, 
1658,0,1,1,1,-5983,1,0,1,0,0,0,1,0,1,0,0,0,0,1, 
1659,0,1,1,1,-5986,1,0,1,0,0,0,1,0,0,1,1,1,1,0, 
1660,0,1,1,1,-5992,1,0,1,0,0,0,1,0,0,1,1,0,0,0, 
1661,0,1,1,1,-5992,1,0,1,0,0,0,1,0,0,1,1,0,0,0, 
1662,0,1,1,1,-5995,1,0,1,0,0,0,1,0,0,1,0,1,0,1, 
1663,0,1,1,1,-6002,1,0,1,0,0,0,1,0,0,0,1,1,1,0, 
1664,0,1,1,1,-6008,1,0,1,0,0,0,1,0,0,0,1,0,0,0, 
1665,0,1,1,1,-6014,1,0,1,0,0,0,1,0,0,0,0,0,1,0, 
1666,0,1,1,1,-6016,1,0,1,0,0,0,1,0,0,0,0,0,0,0, 
1667,0,1,1,1,-6019,1,0,1,0,0,0,0,1,1,1,1,1,0,1, 
1668,0,1,1,1,-6020,1,0,1,0,0,0,0,1,1,1,1,1,0,0, 
1669,0,1,1,1,-6024,1,0,1,0,0,0,0,1,1,1,1,0,0,0, 
1670,0,1,1,1,-6025,1,0,1,0,0,0,0,1,1,1,0,1,1,1, 
1671,0,1,1,1,-6022,1,0,1,0,0,0,0,1,1,1,1,0,1,0, 
1672,0,1,1,1,-6024,1,0,1,0,0,0,0,1,1,1,1,0,0,0, 
1673,0,1,1,1,-6028,1,0,1,0,0,0,0,1,1,1,0,1,0,0, 
1674,0,1,1,1,-6030,1,0,1,0,0,0,0,1,1,1,0,0,1,0, 
1675,0,1,1,1,-6030,1,0,1,0,0,0,0,1,1,1,0,0,1,0, 
1676,0,1,1,1,-6032,1,0,1,0,0,0,0,1,1,1,0,0,0,0, 
1677,0,1,1,1,-6030,1,0,1,0,0,0,0,1,1,1,0,0,1,0, 
1678,0,1,1,1,-6026,1,0,1,0,0,0,0,1,1,1,0,1,1,0, 
1679,0,1,1,1,-6027,1,0,1,0,0,0,0,1,1,1,0,1,0,1, 
1680,0,1,1,1,-6026,1,0,1,0,0,0,0,1,1,1,0,1,1,0, 
1681,0,1,1,1,-6029,1,0,1,0,0,0,0,1,1,1,0,0,1,1, 
1682,0,1,1,1,-6029,1,0,1,0,0,0,0,1,1,1,0,0,1,1, 
1683,0,1,1,1,-6032,1,0,1,0,0,0,0,1,1,1,0,0,0,0, 
1684,0,1,1,1,-6029,1,0,1,0,0,0,0,1,1,1,0,0,1,1, 
1685,0,1,1,1,-6027,1,0,1,0,0,0,0,1,1,1,0,1,0,1, 
1686,0,1,1,1,-6027,1,0,1,0,0,0,0,1,1,1,0,1,0,1, 
1687,0,1,1,1,-6025,1,0,1,0,0,0,0,1,1,1,0,1,1,1, 
1688,0,1,1,1,-6025,1,0,1,0,0,0,0,1,1,1,0,1,1,1, 
1689,0,1,1,1,-6024,1,0,1,0,0,0,0,1,1,1,1,0,0,0, 
1690,0,1,1,1,-6026,1,0,1,0,0,0,0,1,1,1,0,1,1,0, 
1691,0,1,1,1,-6025,1,0,1,0,0,0,0,1,1,1,0,1,1,1, 
1692,0,1,1,1,-6028,1,0,1,0,0,0,0,1,1,1,0,1,0,0, 
1693,0,1,1,1,-6033,1,0,1,0,0,0,0,1,1,0,1,1,1,1, 
1694,0,1,1,1,-6035,1,0,1,0,0,0,0,1,1,0,1,1,0,1, 
1695,0,1,1,1,-6034,1,0,1,0,0,0,0,1,1,0,1,1,1,0, 
1696,0,1,1,1,-6032,1,0,1,0,0,0,0,1,1,1,0,0,0,0, 
1697,0,1,1,1,-6027,1,0,1,0,0,0,0,1,1,1,0,1,0,1, 
1698,0,1,1,1,-6028,1,0,1,0,0,0,0,1,1,1,0,1,0,0, 
1699,0,1,1,1,-6028,1,0,1,0,0,0,0,1,1,1,0,1,0,0, 
1700,0,1,1,1,-6032,1,0,1,0,0,0,0,1,1,1,0,0,0,0, 
1701,0,1,1,1,-6029,1,0,1,0,0,0,0,1,1,1,0,0,1,1, 
1702,0,1,1,1,-6031,1,0,1,0,0,0,0,1,1,1,0,0,0,1, 
1703,0,1,1,1,-6031,1,0,1,0,0,0,0,1,1,1,0,0,0,1, 
1704,0,1,1,1,-6028,1,0,1,0,0,0,0,1,1,1,0,1,0,0, 
1705,0,1,1,1,-6026,1,0,1,0,0,0,0,1,1,1,0,1,1,0, 
1706,0,1,1,1,-6026,1,0,1,0,0,0,0,1,1,1,0,1,1,0, 
1707,0,1,1,1,-6028,1,0,1,0,0,0,0,1,1,1,0,1,0,0, 
1708,0,1,1,1,-6028,1,0,1,0,0,0,0,1,1,1,0,1,0,0, 
1709,0,1,1,1,-6032,1,0,1,0,0,0,0,1,1,1,0,0,0,0, 
1710,0,1,1,1,-6035,1,0,1,0,0,0,0,1,1,0,1,1,0,1, 
1711,0,1,1,1,-6036,1,0,1,0,0,0,0,1,1,0,1,1,0,0, 
1712,0,1,1,1,-6017,1,0,1,0,0,0,0,1,1,1,1,1,1,1, 
1713,0,1,1,1,-5879,1,0,1,0,0,1,0,0,0,0,1,0,0,1, 
1714,0,1,1,1,-5587,1,0,1,0,1,0,0,0,1,0,1,1,0,1, 
1715,0,1,1,1,-5194,1,0,1,0,1,1,1,0,1,1,0,1,1,0, 
1716,0,1,1,1,-4785,1,0,1,1,0,1,0,1,0,0,1,1,1,1, 
1717,0,1,1,1,-4426,1,0,1,1,1,0,1,0,1,1,0,1,1,0, 
1718,0,1,1,1,-4150,1,0,1,1,1,1,1,1,0,0,1,0,1,0, 
1719,0,1,1,1,-3954,1,1,0,0,0,0,1,0,0,0,1,1,1,0, 
1720,0,1,1,1,-3816,1,1,0,0,0,1,0,0,0,1,1,0,0,0, 
1721,0,1,1,1,-3720,1,1,0,0,0,1,0,1,1,1,1,0,0,0, 
1722,0,1,1,1,-3657,1,1,0,0,0,1,1,0,1,1,0,1,1,1, 
1723,0,1,1,1,-3618,1,1,0,0,0,1,1,1,0,1,1,1,1,0, 
1724,0,1,1,1,-3599,1,1,0,0,0,1,1,1,1,1,0,0,0,1, 
1725,0,1,1,1,-3596,1,1,0,0,0,1,1,1,1,1,0,1,0,0, 
1726,0,1,1,1,-3598,1,1,0,0,0,1,1,1,1,1,0,0,1,0, 
1727,0,1,1,1,-3607,1,1,0,0,0,1,1,1,1,0,1,0,0,1, 
1728,0,1,1,1,-3620,1,1,0,0,0,1,1,1,0,1,1,1,0,0, 
1729,0,1,1,1,-3637,1,1,0,0,0,1,1,1,0,0,1,0,1,1, 
1730,0,1,1,1,-3655,1,1,0,0,0,1,1,0,1,1,1,0,0,1, 
1731,0,1,1,1,-3667,1,1,0,0,0,1,1,0,1,0,1,1,0,1, 
1732,0,1,1,1,-3682,1,1,0,0,0,1,1,0,0,1,1,1,1,0, 
1733,0,1,1,1,-3696,1,1,0,0,0,1,1,0,0,1,0,0,0,0, 
1734,0,1,1,1,-3707,1,1,0,0,0,1,1,0,0,0,0,1,0,1, 
1735,0,1,1,1,-3714,1,1,0,0,0,1,0,1,1,1,1,1,1,0, 
1736,0,1,1,1,-3724,1,1,0,0,0,1,0,1,1,1,0,1,0,0, 
1737,0,1,1,1,-3730,1,1,0,0,0,1,0,1,1,0,1,1,1,0, 
1738,0,1,1,1,-3738,1,1,0,0,0,1,0,1,1,0,0,1,1,0, 
1739,0,1,1,1,-3744,1,1,0,0,0,1,0,1,1,0,0,0,0,0, 
1740,0,1,1,1,-3754,1,1,0,0,0,1,0,1,0,1,0,1,1,0, 
1741,0,1,1,1,-3762,1,1,0,0,0,1,0,1,0,0,1,1,1,0, 
1742,0,1,1,1,-3767,1,1,0,0,0,1,0,1,0,0,1,0,0,1, 
1743,0,1,1,1,-3768,1,1,0,0,0,1,0,1,0,0,1,0,0,0, 
1744,0,1,1,1,-3773,1,1,0,0,0,1,0,1,0,0,0,0,1,1, 
1745,0,1,1,1,-3780,1,1,0,0,0,1,0,0,1,1,1,1,0,0, 
1746,0,1,1,1,-3781,1,1,0,0,0,1,0,0,1,1,1,0,1,1, 
1747,0,1,1,1,-3784,1,1,0,0,0,1,0,0,1,1,1,0,0,0, 
1748,0,1,1,1,-3793,1,1,0,0,0,1,0,0,1,0,1,1,1,1, 
1749,0,1,1,1,-3794,1,1,0,0,0,1,0,0,1,0,1,1,1,0, 
1750,0,1,1,1,-3797,1,1,0,0,0,1,0,0,1,0,1,0,1,1, 
1751,0,1,1,1,-3800,1,1,0,0,0,1,0,0,1,0,1,0,0,0, 
1752,0,1,1,1,-3795,1,1,0,0,0,1,0,0,1,0,1,1,0,1, 
1753,0,1,1,1,-3795,1,1,0,0,0,1,0,0,1,0,1,1,0,1, 
1754,0,1,1,1,-3798,1,1,0,0,0,1,0,0,1,0,1,0,1,0, 
1755,0,1,1,1,-3800,1,1,0,0,0,1,0,0,1,0,1,0,0,0, 
1756,0,1,1,1,-3802,1,1,0,0,0,1,0,0,1,0,0,1,1,0, 
1757,0,1,1,1,-3808,1,1,0,0,0,1,0,0,1,0,0,0,0,0, 
1758,0,1,1,1,-3807,1,1,0,0,0,1,0,0,1,0,0,0,0,1, 
1759,0,1,1,1,-3807,1,1,0,0,0,1,0,0,1,0,0,0,0,1, 
1760,0,1,1,1,-3808,1,1,0,0,0,1,0,0,1,0,0,0,0,0, 
1761,0,1,1,1,-3808,1,1,0,0,0,1,0,0,1,0,0,0,0,0, 
1762,0,1,1,1,-3806,1,1,0,0,0,1,0,0,1,0,0,0,1,0, 
1763,0,1,1,1,-3808,1,1,0,0,0,1,0,0,1,0,0,0,0,0, 
1764,0,1,1,1,-3816,1,1,0,0,0,1,0,0,0,1,1,0,0,0, 
1765,0,1,1,1,-3820,1,1,0,0,0,1,0,0,0,1,0,1,0,0, 
1766,0,1,1,1,-3827,1,1,0,0,0,1,0,0,0,0,1,1,0,1, 
1767,0,1,1,1,-3828,1,1,0,0,0,1,0,0,0,0,1,1,0,0, 
1768,0,1,1,1,-3831,1,1,0,0,0,1,0,0,0,0,1,0,0,1, 
1769,0,1,1,1,-3833,1,1,0,0,0,1,0,0,0,0,0,1,1,1, 
1770,0,1,1,1,-3829,1,1,0,0,0,1,0,0,0,0,1,0,1,1, 
1771,0,1,1,1,-3830,1,1,0,0,0,1,0,0,0,0,1,0,1,0, 
1772,0,1,1,1,-3833,1,1,0,0,0,1,0,0,0,0,0,1,1,1, 
1773,0,1,1,1,-3831,1,1,0,0,0,1,0,0,0,0,1,0,0,1, 
1774,0,1,1,1,-3834,1,1,0,0,0,1,0,0,0,0,0,1,1,0, 
1775,0,1,1,1,-3834,1,1,0,0,0,1,0,0,0,0,0,1,1,0, 
1776,0,1,1,1,-3835,1,1,0,0,0,1,0,0,0,0,0,1,0,1, 
1777,0,1,1,1,-3839,1,1,0,0,0,1,0,0,0,0,0,0,0,1, 
1778,0,1,1,1,-3839,1,1,0,0,0,1,0,0,0,0,0,0,0,1, 
1779,0,1,1,1,-3840,1,1,0,0,0,1,0,0,0,0,0,0,0,0, 
1780,0,1,1,1,-3838,1,1,0,0,0,1,0,0,0,0,0,0,1,0, 
1781,0,1,1,1,-3843,1,1,0,0,0,0,1,1,1,1,1,1,0,1, 
1782,0,1,1,1,-3845,1,1,0,0,0,0,1,1,1,1,1,0,1,1, 
1783,0,1,1,1,-3846,1,1,0,0,0,0,1,1,1,1,1,0,1,0, 
1784,0,1,1,1,-3845,1,1,0,0,0,0,1,1,1,1,1,0,1,1, 
1785,0,1,1,1,-3848,1,1,0,0,0,0,1,1,1,1,1,0,0,0, 
1786,0,1,1,1,-3848,1,1,0,0,0,0,1,1,1,1,1,0,0,0, 
1787,0,1,1,1,-3847,1,1,0,0,0,0,1,1,1,1,1,0,0,1, 
1788,0,1,1,1,-3848,1,1,0,0,0,0,1,1,1,1,1,0,0,0, 
1789,0,1,1,1,-3847,1,1,0,0,0,0,1,1,1,1,1,0,0,1, 
1790,0,1,1,1,-3845,1,1,0,0,0,0,1,1,1,1,1,0,1,1, 
1791,0,1,1,1,-3846,1,1,0,0,0,0,1,1,1,1,1,0,1,0, 
1792,0,1,1,1,-3847,1,1,0,0,0,0,1,1,1,1,1,0,0,1, 
1793,0,1,1,1,-3844,1,1,0,0,0,0,1,1,1,1,1,1,0,0, 
1794,0,1,1,1,-3843,1,1,0,0,0,0,1,1,1,1,1,1,0,1, 
1795,0,1,1,1,-3840,1,1,0,0,0,1,0,0,0,0,0,0,0,0, 
1796,0,1,1,1,-3838,1,1,0,0,0,1,0,0,0,0,0,0,1,0, 
1797,0,1,1,1,-3838,1,1,0,0,0,1,0,0,0,0,0,0,1,0, 
1798,0,1,1,1,-3834,1,1,0,0,0,1,0,0,0,0,0,1,1,0, 
1799,0,1,1,1,-3833,1,1,0,0,0,1,0,0,0,0,0,1,1,1, 
1800,0,1,1,1,-3833,1,1,0,0,0,1,0,0,0,0,0,1,1,1, 
1801,0,1,1,1,-3831,1,1,0,0,0,1,0,0,0,0,1,0,0,1, 
1802,0,1,1,1,-3832,1,1,0,0,0,1,0,0,0,0,1,0,0,0, 
1803,0,1,1,1,-3834,1,1,0,0,0,1,0,0,0,0,0,1,1,0, 
1804,0,1,1,1,-3837,1,1,0,0,0,1,0,0,0,0,0,0,1,1, 
1805,0,1,1,1,-3841,1,1,0,0,0,0,1,1,1,1,1,1,1,1, 
1806,0,1,1,1,-3841,1,1,0,0,0,0,1,1,1,1,1,1,1,1, 
1807,0,1,1,1,-3840,1,1,0,0,0,1,0,0,0,0,0,0,0,0, 
1808,0,1,1,1,-3842,1,1,0,0,0,0,1,1,1,1,1,1,1,0, 
1809,0,1,1,1,-3841,1,1,0,0,0,0,1,1,1,1,1,1,1,1, 
1810,0,1,1,1,-3839,1,1,0,0,0,1,0,0,0,0,0,0,0,1, 
1811,0,1,1,1,-3839,1,1,0,0,0,1,0,0,0,0,0,0,0,1, 
1812,0,1,1,1,-3821,1,1,0,0,0,1,0,0,0,1,0,0,1,1, 
1813,0,1,1,1,-3714,1,1,0,0,0,1,0,1,1,1,1,1,1,0, 
1814,0,1,1,1,-3503,1,1,0,0,1,0,0,1,0,1,0,0,0,1, 
1815,0,1,1,1,-3262,1,1,0,0,1,1,0,1,0,0,0,0,1,0, 
1816,0,1,1,1,-3066,1,1,0,1,0,0,0,0,0,0,0,1,1,0, 
1817,0,1,1,1,-2955,1,1,0,1,0,0,0,1,1,1,0,1,0,1, 
1818,0,1,1,1,-2944,1,1,0,1,0,0,1,0,0,0,0,0,0,0, 
1819,0,1,1,1,-3014,1,1,0,1,0,0,0,0,1,1,1,0,1,0, 
1820,0,1,1,1,-3138,1,1,0,0,1,1,1,0,1,1,1,1,1,0, 
1821,0,1,1,1,-3296,1,1,0,0,1,1,0,0,1,0,0,0,0,0, 
1822,0,1,1,1,-3474,1,1,0,0,1,0,0,1,1,0,1,1,1,0, 
1823,0,1,1,1,-3660,1,1,0,0,0,1,1,0,1,1,0,1,0,0, 
1824,0,1,1,1,-3847,1,1,0,0,0,0,1,1,1,1,1,0,0,1, 
1825,0,1,1,1,-4036,1,1,0,0,0,0,0,0,1,1,1,1,0,0, 
1826,0,1,1,1,-4209,1,0,1,1,1,1,1,0,0,0,1,1,1,1, 
1827,0,1,1,1,-4378,1,0,1,1,1,0,1,1,1,0,0,1,1,0, 
1828,0,1,1,1,-4532,1,0,1,1,1,0,0,1,0,0,1,1,0,0, 
1829,0,1,1,1,-4676,1,0,1,1,0,1,1,0,1,1,1,1,0,0, 
1830,0,1,1,1,-4810,1,0,1,1,0,1,0,0,1,1,0,1,1,0, 
1831,0,1,1,1,-4931,1,0,1,1,0,0,1,0,1,1,1,1,0,1, 
1832,0,1,1,1,-5041,1,0,1,1,0,0,0,1,0,0,1,1,1,1, 
1833,0,1,1,1,-5144,1,0,1,0,1,1,1,1,1,0,1,0,0,0, 
1834,0,1,1,1,-5233,1,0,1,0,1,1,1,0,0,0,1,1,1,1, 
1835,0,1,1,1,-5314,1,0,1,0,1,1,0,0,1,1,1,1,1,0, 
1836,0,1,1,1,-5391,1,0,1,0,1,0,1,1,1,1,0,0,0,1, 
1837,0,1,1,1,-5456,1,0,1,0,1,0,1,0,1,1,0,0,0,0, 
1838,0,1,1,1,-5518,1,0,1,0,1,0,0,1,1,1,0,0,1,0, 
1839,0,1,1,1,-5571,1,0,1,0,1,0,0,0,1,1,1,1,0,1, 
1840,0,1,1,1,-5622,1,0,1,0,1,0,0,0,0,0,1,0,1,0, 
1841,0,1,1,1,-5663,1,0,1,0,0,1,1,1,1,0,0,0,0,1, 
1842,0,1,1,1,-5702,1,0,1,0,0,1,1,0,1,1,1,0,1,0, 
1843,0,1,1,1,-5734,1,0,1,0,0,1,1,0,0,1,1,0,1,0, 
1844,0,1,1,1,-5768,1,0,1,0,0,1,0,1,1,1,1,0,0,0, 
1845,0,1,1,1,-5795,1,0,1,0,0,1,0,1,0,1,1,1,0,1, 
1846,0,1,1,1,-5820,1,0,1,0,0,1,0,1,0,0,0,1,0,0, 
1847,0,1,1,1,-5844,1,0,1,0,0,1,0,0,1,0,1,1,0,0, 
1848,0,1,1,1,-5864,1,0,1,0,0,1,0,0,0,1,1,0,0,0, 
1849,0,1,1,1,-5883,1,0,1,0,0,1,0,0,0,0,0,1,0,1, 
1850,0,1,1,1,-5900,1,0,1,0,0,0,1,1,1,1,0,1,0,0, 
1851,0,1,1,1,-5913,1,0,1,0,0,0,1,1,1,0,0,1,1,1, 
1852,0,1,1,1,-5928,1,0,1,0,0,0,1,1,0,1,1,0,0,0, 
1853,0,1,1,1,-5940,1,0,1,0,0,0,1,1,0,0,1,1,0,0, 
1854,0,1,1,1,-5950,1,0,1,0,0,0,1,1,0,0,0,0,1,0, 
1855,0,1,1,1,-5963,1,0,1,0,0,0,1,0,1,1,0,1,0,1, 
1856,0,1,1,1,-5974,1,0,1,0,0,0,1,0,1,0,1,0,1,0, 
1857,0,1,1,1,-5980,1,0,1,0,0,0,1,0,1,0,0,1,0,0, 
1858,0,1,1,1,-5990,1,0,1,0,0,0,1,0,0,1,1,0,1,0, 
1859,0,1,1,1,-5995,1,0,1,0,0,0,1,0,0,1,0,1,0,1, 
1860,0,1,1,1,-6003,1,0,1,0,0,0,1,0,0,0,1,1,0,1, 
1861,0,1,1,1,-6009,1,0,1,0,0,0,1,0,0,0,0,1,1,1, 
1862,0,1,1,1,-6014,1,0,1,0,0,0,1,0,0,0,0,0,1,0, 
1863,0,1,1,1,-6017,1,0,1,0,0,0,0,1,1,1,1,1,1,1, 
1864,0,1,1,1,-6020,1,0,1,0,0,0,0,1,1,1,1,1,0,0, 
1865,0,1,1,1,-6025,1,0,1,0,0,0,0,1,1,1,0,1,1,1, 
1866,0,1,1,1,-6027,1,0,1,0,0,0,0,1,1,1,0,1,0,1, 
1867,0,1,1,1,-6030,1,0,1,0,0,0,0,1,1,1,0,0,1,0, 
1868,0,1,1,1,-6032,1,0,1,0,0,0,0,1,1,1,0,0,0,0, 
1869,0,1,1,1,-6035,1,0,1,0,0,0,0,1,1,0,1,1,0,1, 
1870,0,1,1,1,-6034,1,0,1,0,0,0,0,1,1,0,1,1,1,0, 
1871,0,1,1,1,-6033,1,0,1,0,0,0,0,1,1,0,1,1,1,1, 
1872,0,1,1,1,-6035,1,0,1,0,0,0,0,1,1,0,1,1,0,1, 
1873,0,1,1,1,-6036,1,0,1,0,0,0,0,1,1,0,1,1,0,0, 
1874,0,1,1,1,-6037,1,0,1,0,0,0,0,1,1,0,1,0,1,1, 
1875,0,1,1,1,-6041,1,0,1,0,0,0,0,1,1,0,0,1,1,1, 
1876,0,1,1,1,-6039,1,0,1,0,0,0,0,1,1,0,1,0,0,1, 
1877,0,1,1,1,-6039,1,0,1,0,0,0,0,1,1,0,1,0,0,1, 
1878,0,1,1,1,-6040,1,0,1,0,0,0,0,1,1,0,1,0,0,0, 
1879,0,1,1,1,-6040,1,0,1,0,0,0,0,1,1,0,1,0,0,0, 
1880,0,1,1,1,-6042,1,0,1,0,0,0,0,1,1,0,0,1,1,0, 
1881,0,1,1,1,-6040,1,0,1,0,0,0,0,1,1,0,1,0,0,0, 
1882,0,1,1,1,-6044,1,0,1,0,0,0,0,1,1,0,0,1,0,0, 
1883,0,1,1,1,-6049,1,0,1,0,0,0,0,1,0,1,1,1,1,1, 
1884,0,1,1,1,-6051,1,0,1,0,0,0,0,1,0,1,1,1,0,1, 
1885,0,1,1,1,-6054,1,0,1,0,0,0,0,1,0,1,1,0,1,0, 
1886,0,1,1,1,-6054,1,0,1,0,0,0,0,1,0,1,1,0,1,0, 
1887,0,1,1,1,-6057,1,0,1,0,0,0,0,1,0,1,0,1,1,1, 
1888,0,1,1,1,-6059,1,0,1,0,0,0,0,1,0,1,0,1,0,1, 
1889,0,1,1,1,-6060,1,0,1,0,0,0,0,1,0,1,0,1,0,0, 
1890,0,1,1,1,-6065,1,0,1,0,0,0,0,1,0,0,1,1,1,1, 
1891,0,1,1,1,-6063,1,0,1,0,0,0,0,1,0,1,0,0,0,1, 
1892,0,1,1,1,-6062,1,0,1,0,0,0,0,1,0,1,0,0,1,0, 
1893,0,1,1,1,-6063,1,0,1,0,0,0,0,1,0,1,0,0,0,1, 
1894,0,1,1,1,-6062,1,0,1,0,0,0,0,1,0,1,0,0,1,0, 
1895,0,1,1,1,-6059,1,0,1,0,0,0,0,1,0,1,0,1,0,1, 
1896,0,1,1,1,-6057,1,0,1,0,0,0,0,1,0,1,0,1,1,1, 
1897,0,1,1,1,-6055,1,0,1,0,0,0,0,1,0,1,1,0,0,1, 
1898,0,1,1,1,-6053,1,0,1,0,0,0,0,1,0,1,1,0,1,1, 
1899,0,1,1,1,-6048,1,0,1,0,0,0,0,1,1,0,0,0,0,0, 
1900,0,1,1,1,-6051,1,0,1,0,0,0,0,1,0,1,1,1,0,1, 
1901,0,1,1,1,-6049,1,0,1,0,0,0,0,1,0,1,1,1,1,1, 
1902,0,1,1,1,-6049,1,0,1,0,0,0,0,1,0,1,1,1,1,1, 
1903,0,1,1,1,-6051,1,0,1,0,0,0,0,1,0,1,1,1,0,1, 
1904,0,1,1,1,-6049,1,0,1,0,0,0,0,1,0,1,1,1,1,1, 
1905,0,1,1,1,-6047,1,0,1,0,0,0,0,1,1,0,0,0,0,1, 
1906,0,1,1,1,-6045,1,0,1,0,0,0,0,1,1,0,0,0,1,1, 
1907,0,1,1,1,-6047,1,0,1,0,0,0,0,1,1,0,0,0,0,1, 
1908,0,1,1,1,-6048,1,0,1,0,0,0,0,1,1,0,0,0,0,0, 
1909,0,1,1,1,-6050,1,0,1,0,0,0,0,1,0,1,1,1,1,0, 
1910,0,1,1,1,-6053,1,0,1,0,0,0,0,1,0,1,1,0,1,1, 
1911,0,1,1,1,-6052,1,0,1,0,0,0,0,1,0,1,1,1,0,0, 
1912,0,1,1,1,-6029,1,0,1,0,0,0,0,1,1,1,0,0,1,1, 
1913,0,1,1,1,-5893,1,0,1,0,0,0,1,1,1,1,1,0,1,1, 
1914,0,1,1,1,-5597,1,0,1,0,1,0,0,0,1,0,0,0,1,1, 
1915,0,1,1,1,-5200,1,0,1,0,1,1,1,0,1,1,0,0,0,0, 
1916,0,1,1,1,-4783,1,0,1,1,0,1,0,1,0,1,0,0,0,1, 
1917,0,1,1,1,-4420,1,0,1,1,1,0,1,0,1,1,1,1,0,0, 
1918,0,1,1,1,-4138,1,0,1,1,1,1,1,1,0,1,0,1,1,0, 
1919,0,1,1,1,-3939,1,1,0,0,0,0,1,0,0,1,1,1,0,1, 
1920,0,1,1,1,-3800,1,1,0,0,0,1,0,0,1,0,1,0,0,0, 
1921,0,1,1,1,-3704,1,1,0,0,0,1,1,0,0,0,1,0,0,0, 
1922,0,1,1,1,-3643,1,1,0,0,0,1,1,1,0,0,0,1,0,1, 
1923,0,1,1,1,-3604,1,1,0,0,0,1,1,1,1,0,1,1,0,0, 
1924,0,1,1,1,-3586,1,1,0,0,0,1,1,1,1,1,1,1,1,0, 
1925,0,1,1,1,-3584,1,1,0,0,1,0,0,0,0,0,0,0,0,0, 
1926,0,1,1,1,-3588,1,1,0,0,0,1,1,1,1,1,1,1,0,0, 
1927,0,1,1,1,-3596,1,1,0,0,0,1,1,1,1,1,0,1,0,0, 
1928,0,1,1,1,-3610,1,1,0,0,0,1,1,1,1,0,0,1,1,0, 
1929,0,1,1,1,-3624,1,1,0,0,0,1,1,1,0,1,1,0,0,0, 
1930,0,1,1,1,-3638,1,1,0,0,0,1,1,1,0,0,1,0,1,0, 
1931,0,1,1,1,-3658,1,1,0,0,0,1,1,0,1,1,0,1,1,0, 
1932,0,1,1,1,-3682,1,1,0,0,0,1,1,0,0,1,1,1,1,0, 
1933,0,1,1,1,-3697,1,1,0,0,0,1,1,0,0,0,1,1,1,1, 
1934,0,1,1,1,-3712,1,1,0,0,0,1,1,0,0,0,0,0,0,0, 
1935,0,1,1,1,-3722,1,1,0,0,0,1,0,1,1,1,0,1,1,0, 
1936,0,1,1,1,-3734,1,1,0,0,0,1,0,1,1,0,1,0,1,0, 
1937,0,1,1,1,-3739,1,1,0,0,0,1,0,1,1,0,0,1,0,1, 
1938,0,1,1,1,-3745,1,1,0,0,0,1,0,1,0,1,1,1,1,1, 
1939,0,1,1,1,-3754,1,1,0,0,0,1,0,1,0,1,0,1,1,0, 
1940,0,1,1,1,-3765,1,1,0,0,0,1,0,1,0,0,1,0,1,1, 
1941,0,1,1,1,-3774,1,1,0,0,0,1,0,1,0,0,0,0,1,0, 
1942,0,1,1,1,-3776,1,1,0,0,0,1,0,1,0,0,0,0,0,0, 
1943,0,1,1,1,-3784,1,1,0,0,0,1,0,0,1,1,1,0,0,0, 
1944,0,1,1,1,-3790,1,1,0,0,0,1,0,0,1,1,0,0,1,0, 
1945,0,1,1,1,-3795,1,1,0,0,0,1,0,0,1,0,1,1,0,1, 
1946,0,1,1,1,-3801,1,1,0,0,0,1,0,0,1,0,0,1,1,1, 
1947,0,1,1,1,-3803,1,1,0,0,0,1,0,0,1,0,0,1,0,1, 
1948,0,1,1,1,-3808,1,1,0,0,0,1,0,0,1,0,0,0,0,0, 
1949,0,1,1,1,-3814,1,1,0,0,0,1,0,0,0,1,1,0,1,0, 
1950,0,1,1,1,-3820,1,1,0,0,0,1,0,0,0,1,0,1,0,0, 
1951,0,1,1,1,-3821,1,1,0,0,0,1,0,0,0,1,0,0,1,1, 
1952,0,1,1,1,-3825,1,1,0,0,0,1,0,0,0,0,1,1,1,1, 
1953,0,1,1,1,-3831,1,1,0,0,0,1,0,0,0,0,1,0,0,1, 
1954,0,1,1,1,-3836,1,1,0,0,0,1,0,0,0,0,0,1,0,0, 
1955,0,1,1,1,-3835,1,1,0,0,0,1,0,0,0,0,0,1,0,1, 
1956,0,1,1,1,-3838,1,1,0,0,0,1,0,0,0,0,0,0,1,0, 
1957,0,1,1,1,-3841,1,1,0,0,0,0,1,1,1,1,1,1,1,1, 
1958,0,1,1,1,-3840,1,1,0,0,0,1,0,0,0,0,0,0,0,0, 
1959,0,1,1,1,-3840,1,1,0,0,0,1,0,0,0,0,0,0,0,0, 
1960,0,1,1,1,-3840,1,1,0,0,0,1,0,0,0,0,0,0,0,0, 
1961,0,1,1,1,-3839,1,1,0,0,0,1,0,0,0,0,0,0,0,1, 
1962,0,1,1,1,-3839,1,1,0,0,0,1,0,0,0,0,0,0,0,1, 
1963,0,1,1,1,-3839,1,1,0,0,0,1,0,0,0,0,0,0,0,1, 
1964,0,1,1,1,-3837,1,1,0,0,0,1,0,0,0,0,0,0,1,1, 
1965,0,1,1,1,-3835,1,1,0,0,0,1,0,0,0,0,0,1,0,1, 
1966,0,1,1,1,-3839,1,1,0,0,0,1,0,0,0,0,0,0,0,1, 
1967,0,1,1,1,-3841,1,1,0,0,0,0,1,1,1,1,1,1,1,1, 
1968,0,1,1,1,-3843,1,1,0,0,0,0,1,1,1,1,1,1,0,1, 
1969,0,1,1,1,-3837,1,1,0,0,0,1,0,0,0,0,0,0,1,1, 
1970,0,1,1,1,-3837,1,1,0,0,0,1,0,0,0,0,0,0,1,1, 
1971,0,1,1,1,-3835,1,1,0,0,0,1,0,0,0,0,0,1,0,1, 
1972,0,1,1,1,-3835,1,1,0,0,0,1,0,0,0,0,0,1,0,1, 
1973,0,1,1,1,-3837,1,1,0,0,0,1,0,0,0,0,0,0,1,1, 
1974,0,1,1,1,-3837,1,1,0,0,0,1,0,0,0,0,0,0,1,1, 
1975,0,1,1,1,-3837,1,1,0,0,0,1,0,0,0,0,0,0,1,1, 
1976,0,1,1,1,-3836,1,1,0,0,0,1,0,0,0,0,0,1,0,0, 
1977,0,1,1,1,-3835,1,1,0,0,0,1,0,0,0,0,0,1,0,1, 
1978,0,1,1,1,-3836,1,1,0,0,0,1,0,0,0,0,0,1,0,0, 
1979,0,1,1,1,-3832,1,1,0,0,0,1,0,0,0,0,1,0,0,0, 
1980,0,1,1,1,-3835,1,1,0,0,0,1,0,0,0,0,0,1,0,1, 
1981,0,1,1,1,-3832,1,1,0,0,0,1,0,0,0,0,1,0,0,0, 
1982,0,1,1,1,-3832,1,1,0,0,0,1,0,0,0,0,1,0,0,0, 
1983,0,1,1,1,-3830,1,1,0,0,0,1,0,0,0,0,1,0,1,0, 
1984,0,1,1,1,-3834,1,1,0,0,0,1,0,0,0,0,0,1,1,0, 
1985,0,1,1,1,-3831,1,1,0,0,0,1,0,0,0,0,1,0,0,1, 
1986,0,1,1,1,-3832,1,1,0,0,0,1,0,0,0,0,1,0,0,0, 
1987,0,1,1,1,-3835,1,1,0,0,0,1,0,0,0,0,0,1,0,1, 
1988,0,1,1,1,-3836,1,1,0,0,0,1,0,0,0,0,0,1,0,0, 
1989,0,1,1,1,-3840,1,1,0,0,0,1,0,0,0,0,0,0,0,0, 
1990,0,1,1,1,-3842,1,1,0,0,0,0,1,1,1,1,1,1,1,0, 
1991,0,1,1,1,-3840,1,1,0,0,0,1,0,0,0,0,0,0,0,0, 
1992,0,1,1,1,-3839,1,1,0,0,0,1,0,0,0,0,0,0,0,1, 
1993,0,1,1,1,-3836,1,1,0,0,0,1,0,0,0,0,0,1,0,0, 
1994,0,1,1,1,-3834,1,1,0,0,0,1,0,0,0,0,0,1,1,0, 
1995,0,1,1,1,-3830,1,1,0,0,0,1,0,0,0,0,1,0,1,0, 
1996,0,1,1,1,-3829,1,1,0,0,0,1,0,0,0,0,1,0,1,1, 
1997,0,1,1,1,-3834,1,1,0,0,0,1,0,0,0,0,0,1,1,0, 
1998,0,1,1,1,-3833,1,1,0,0,0,1,0,0,0,0,0,1,1,1, 
1999,0,1,1,1,-3833,1,1,0,0,0,1,0,0,0,0,0,1,1,1, 
2000,0,1,1,1,-3836,1,1,0,0,0,1,0,0,0,0,0,1,0,0, 
2001,0,1,1,1,-3835,1,1,0,0,0,1,0,0,0,0,0,1,0,1, 
2002,0,1,1,1,-3834,1,1,0,0,0,1,0,0,0,0,0,1,1,0, 
2003,0,1,1,1,-3836,1,1,0,0,0,1,0,0,0,0,0,1,0,0, 
2004,0,1,1,1,-3838,1,1,0,0,0,1,0,0,0,0,0,0,1,0, 
2005,0,1,1,1,-3841,1,1,0,0,0,0,1,1,1,1,1,1,1,1, 
2006,0,1,1,1,-3841,1,1,0,0,0,0,1,1,1,1,1,1,1,1, 
2007,0,1,1,1,-3840,1,1,0,0,0,1,0,0,0,0,0,0,0,0, 
2008,0,1,1,1,-3843,1,1,0,0,0,0,1,1,1,1,1,1,0,1, 
2009,0,1,1,1,-3847,1,1,0,0,0,0,1,1,1,1,1,0,0,1, 
2010,0,1,1,1,-3846,1,1,0,0,0,0,1,1,1,1,1,0,1,0, 
2011,0,1,1,1,-3845,1,1,0,0,0,0,1,1,1,1,1,0,1,1, 
2012,0,1,1,1,-3823,1,1,0,0,0,1,0,0,0,1,0,0,0,1, 
2013,0,1,1,1,-3716,1,1,0,0,0,1,0,1,1,1,1,1,0,0, 
2014,0,1,1,1,-3501,1,1,0,0,1,0,0,1,0,1,0,0,1,1, 
2015,0,1,1,1,-3259,1,1,0,0,1,1,0,1,0,0,0,1,0,1, 
2016,0,1,1,1,-3062,1,1,0,1,0,0,0,0,0,0,1,0,1,0, 
2017,0,1,1,1,-2948,1,1,0,1,0,0,0,1,1,1,1,1,0,0, 
2018,0,1,1,1,-2938,1,1,0,1,0,0,1,0,0,0,0,1,1,0, 
2019,0,1,1,1,-3007,1,1,0,1,0,0,0,1,0,0,0,0,0,1, 
2020,0,1,1,1,-3131,1,1,0,0,1,1,1,1,0,0,0,1,0,1, 
2021,0,1,1,1,-3291,1,1,0,0,1,1,0,0,1,0,0,1,0,1, 
2022,0,1,1,1,-3465,1,1,0,0,1,0,0,1,1,1,0,1,1,1, 
2023,0,1,1,1,-3654,1,1,0,0,0,1,1,0,1,1,1,0,1,0, 
2024,0,1,1,1,-3842,1,1,0,0,0,0,1,1,1,1,1,1,1,0, 
2025,0,1,1,1,-4026,1,1,0,0,0,0,0,1,0,0,0,1,1,0, 
2026,0,1,1,1,-4200,1,0,1,1,1,1,1,0,0,1,1,0,0,0, 
2027,0,1,1,1,-4364,1,0,1,1,1,0,1,1,1,1,0,1,0,0, 
2028,0,1,1,1,-4518,1,0,1,1,1,0,0,1,0,1,1,0,1,0, 
2029,0,1,1,1,-4662,1,0,1,1,0,1,1,1,0,0,1,0,1,0, 
2030,0,1,1,1,-4801,1,0,1,1,0,1,0,0,1,1,1,1,1,1, 
2031,0,1,1,1,-4923,1,0,1,1,0,0,1,1,0,0,0,1,0,1, 
2032,0,1,1,1,-5034,1,0,1,1,0,0,0,1,0,1,0,1,1,0, 
2033,0,1,1,1,-5135,1,0,1,0,1,1,1,1,1,1,0,0,0,1, 
2034,0,1,1,1,-5230,1,0,1,0,1,1,1,0,0,1,0,0,1,0, 
2035,0,1,1,1,-5307,1,0,1,0,1,1,0,1,0,0,0,1,0,1, 
2036,0,1,1,1,-5381,1,0,1,0,1,0,1,1,1,1,1,0,1,1, 
2037,0,1,1,1,-5450,1,0,1,0,1,0,1,0,1,1,0,1,1,0, 
2038,0,1,1,1,-5510,1,0,1,0,1,0,0,1,1,1,1,0,1,0, 
2039,0,1,1,1,-5567,1,0,1,0,1,0,0,1,0,0,0,0,0,1, 
2040,0,1,1,1,-5618,1,0,1,0,1,0,0,0,0,0,1,1,1,0, 
2041,0,1,1,1,-5663,1,0,1,0,0,1,1,1,1,0,0,0,0,1, 
2042,0,1,1,1,-5704,1,0,1,0,0,1,1,0,1,1,1,0,0,0, 
2043,0,1,1,1,-5737,1,0,1,0,0,1,1,0,0,1,0,1,1,1, 
2044,0,1,1,1,-5769,1,0,1,0,0,1,0,1,1,1,0,1,1,1, 
2045,0,1,1,1,-5800,1,0,1,0,0,1,0,1,0,1,1,0,0,0, 
2046,0,1,1,1,-5824,1,0,1,0,0,1,0,1,0,0,0,0,0,0, 
2047,0,1,1,1,-5848,1,0,1,0,0,1,0,0,1,0,1,0,0,0, 
2048,0,1,1,1,-5871,1,0,1,0,0,1,0,0,0,1,0,0,0,1, 
2049,0,1,1,1,-5871,1,0,1,0,0,1,0,0,0,1,0,0,0,1, 
